points,loan_to_income,credit_score,years_employed,loan_amount
25.0,0.4481820182898765,464,24,22397
35.0,0.32207777430091317,508,5,22644
85.0,0.2023381498315356,798,21,17896
45.0,0.18916045252204486,367,29,13343
85.0,0.08773637662848739,763,6,8472
50.0,0.2362955421964287,459,9,31799
55.0,0.1728575333400469,360,35,24031
50.0,1.0823914823914824,723,14,39648
75.0,0.1402726717220792,739,30,14003
50.0,0.27988890000230815,340,34,36378
65.0,0.2859655873783739,584,40,41616
70.0,0.6607071074443445,796,17,34516
45.0,0.28943720744584345,546,5,39883
75.0,0.53523565728053,759,12,42654
75.0,0.27344017286395966,802,1,30371
25.0,0.4826309484917783,431,34,22160
50.0,0.33135416360483233,380,22,33819
70.0,0.10178859474333428,775,35,4291
50.0,0.09835494120959416,431,25,7336
25.0,0.6562891244470411,303,26,23589
55.0,0.18766463634431063,559,29,20304
55.0,0.07808747137351282,411,6,11184
45.0,0.14797618397334353,529,17,10836
45.0,0.11100081588251291,359,36,8163
65.0,0.32156008924011503,634,29,35889
80.0,0.05246155998422974,693,10,4125
55.0,0.1718607157963678,540,23,25191
80.0,0.08560675208185434,700,31,7597
55.0,0.10533538894780463,395,36,11820
80.0,0.03329474722939123,681,9,3509
40.0,0.6958644973912149,580,21,27074
55.0,0.046448367891603365,617,13,1810
35.0,0.6935821044099034,451,17,48772
25.0,1.3548484119345525,465,18,45046
45.0,0.2464312765833479,511,18,16918
50.0,0.15448613011010698,441,20,13778
50.0,0.1218730292200967,422,20,9276
85.0,0.3513160862141177,774,24,43618
95.0,0.18636791958957177,836,27,23140
25.0,1.0004081895718306,336,17,46566
45.0,0.2383158518957785,422,2,25720
85.0,0.06555456600671371,708,23,9569
35.0,0.5795133509523376,521,11,38154
70.0,0.10205719873605243,640,34,13985
90.0,0.22855710509525112,763,24,30090
90.0,0.31585838160194674,801,20,46079
55.0,0.3497067448680352,821,1,15741
30.0,0.5923462361180297,343,6,40430
80.0,0.20540532098485853,678,23,26304
40.0,0.03672809852388855,313,1,3364
50.0,0.23918897679048567,526,10,22827
60.0,0.3032845587822277,652,9,43195
45.0,0.33622813871025903,584,13,11189
75.0,0.2867536490270762,683,18,31846
60.0,0.01624359305844956,506,17,2136
95.0,0.025481341558198794,780,36,2590
45.0,0.39719059666877504,662,11,15071
55.0,0.10952744930533699,499,10,12180
100.0,0.06503657411966944,823,24,7264
55.0,0.10399209486166008,393,30,10524
60.0,0.3290272755993962,598,24,28119
55.0,0.05659188707249101,462,19,5300
50.0,0.2838084982736813,468,27,33209
60.0,0.011170803846700142,409,22,1337
60.0,0.1724137931034483,713,22,7025
50.0,0.4549809278807771,633,17,25645
45.0,0.14634727495115404,375,20,9213
60.0,0.054039684068580236,428,11,7013
95.0,0.23151734880963867,825,29,33589
20.0,0.4785733807051107,475,6,17511
60.0,0.048721787678229114,639,5,3482
80.0,0.31069182389937106,776,7,41990
70.0,0.11004749333279593,610,13,16382
55.0,0.2216610886824451,420,18,29539
55.0,0.2368963875813191,560,16,26874
55.0,0.22305828106704909,336,15,24575
35.0,0.1702024456868602,535,26,6667
85.0,0.33109510056407637,817,31,31755
40.0,0.39252296879630805,370,31,27813
30.0,0.38241415192507805,349,1,36015
85.0,0.4125532855605516,845,36,49454
70.0,0.17262104268868644,611,14,22661
80.0,0.18588316040801128,766,3,25458
45.0,0.42130450693916616,529,21,44898
55.0,0.09730320699708454,443,26,8811
50.0,0.4170319152274653,710,1,39867
50.0,1.150900076531461,682,36,34588
40.0,0.2972279614325069,386,35,17263
45.0,0.2964991471240093,555,15,25552
35.0,0.308246338107955,320,0,45708
40.0,0.29799741910815847,722,0,12470
55.0,0.24436069338469515,406,38,26389
30.0,0.2822758552566593,455,13,8573
65.0,0.27899169921875,601,31,36568
85.0,0.3277408136047805,743,34,44480
75.0,0.07181810095314992,584,23,10496
10.0,0.8988332189430336,451,0,39288
35.0,0.042986127563241994,346,8,1633
50.0,0.31699090320602363,573,22,37216
45.0,0.3837874724643233,435,22,32057
50.0,0.38477163350105775,468,17,45652
75.0,0.26368712073761275,675,15,39152
85.0,0.3146275586508627,833,18,28190
40.0,0.44364586736360667,486,36,43456
65.0,0.2535788998728414,832,7,12364
25.0,1.0076705692369803,325,36,39936
60.0,0.03449638439957324,534,24,3492
50.0,0.1105771335989841,505,15,10101
80.0,0.17297860253739822,685,17,25578
25.0,1.1358393551973318,446,12,49041
25.0,0.4886524982533637,342,19,21682
30.0,0.49031666213645014,523,6,28862
45.0,0.3301111896651456,318,37,25681
50.0,0.3451534978061681,465,12,49008
55.0,0.02625725372422165,485,7,3742
85.0,0.2810492367232853,744,17,32679
25.0,0.8775917753507063,324,20,35596
50.0,0.37000494139185236,484,35,45676
50.0,0.2709821229548393,512,10,30392
70.0,0.35481851651441365,707,34,33442
80.0,0.30813979240797884,813,2,41740
95.0,0.1827663060782319,848,26,23535
55.0,0.1323161979692733,468,26,17423
45.0,0.09054980711004632,419,1,9600
60.0,0.012402190130908257,483,31,1837
100.0,0.07297216302610549,806,14,8766
45.0,0.3927067381316999,307,23,36927
20.0,0.6059838274932614,520,9,22482
70.0,0.6650634963523372,753,17,49228
40.0,1.1716451629097846,655,25,46676
60.0,0.038194133619789336,386,38,3840
55.0,0.010391776058242753,428,32,1022
60.0,0.06157527677681872,380,31,6613
50.0,0.3283175579106329,520,28,48700
35.0,0.3729893270897315,377,5,24533
70.0,0.30046652975462673,702,19,25311
30.0,0.3355801079378315,442,25,14488
50.0,0.8162051828186013,713,37,27591
95.0,0.16848119315554186,829,24,17487
90.0,0.18779669815509245,768,11,27494
65.0,0.6119316017121983,821,32,27305
55.0,0.22919029870901528,764,1,8486
65.0,0.5347461261835897,737,17,48625
45.0,0.2492332020120779,376,21,18283
90.0,0.04119077671397346,781,24,4014
45.0,0.23616021820385896,379,7,18702
65.0,0.13100029560906837,660,32,11522
70.0,0.160005406240346,645,31,16574
35.0,0.14690199217590022,356,1,11378
65.0,0.16206756103148945,665,15,12733
45.0,0.3042861973003199,455,25,23399
45.0,0.3073355817875211,418,36,26244
80.0,0.07104841061533974,686,28,5847
80.0,0.297538760681574,769,23,29074
45.0,0.3486654425025412,400,6,42533
45.0,0.43142086448445477,324,10,46222
45.0,0.24052700177446962,519,23,15317
70.0,0.24102654078967792,651,38,35717
35.0,0.7778604260838053,535,22,40784
55.0,0.12289612000236225,303,19,16648
70.0,0.18659930942748645,586,14,27075
70.0,0.49039288401590886,757,20,36497
30.0,0.34641882230599247,449,30,10660
50.0,0.14482624733061542,626,40,5222
75.0,0.2957310032998875,710,26,39701
65.0,0.11909325500543483,630,5,14353
65.0,0.24718862720135795,635,37,23300
45.0,0.3460935369511863,320,37,30459
35.0,0.25978418009087156,543,2,20126
85.0,0.2551880430242987,784,33,37272
90.0,0.21120066848876276,785,19,24264
35.0,0.44528797835330497,339,31,28799
25.0,1.0172086298301817,515,10,35880
80.0,0.13517465257283898,785,21,10077
55.0,0.5402422426315007,652,25,47235
55.0,0.0684611671736617,406,23,6099
40.0,0.3654504771907393,424,38,24009
60.0,0.034102179154724535,446,13,3748
70.0,0.18007423933905553,615,26,18483
45.0,0.08300100052139847,489,6,5890
65.0,0.15431682765850477,617,17,14426
60.0,0.06825379187732651,400,23,9828
75.0,0.010812672692011051,622,39,1444
50.0,0.3469576272869942,510,38,34931
40.0,0.07872721401943229,442,38,2682
55.0,0.1545404762354363,638,0,16368
50.0,0.3439301709322113,346,25,40624
40.0,1.2599847908745248,650,23,41422
55.0,0.09688755020080321,443,37,9071
80.0,0.16838628991284638,752,13,8617
50.0,0.09049845331833521,479,29,5149
80.0,0.11913799202623503,724,35,12461
50.0,0.31156474984051763,496,38,34188
50.0,0.07089316355097985,322,4,10205
50.0,0.5002275013171129,717,1,41777
35.0,0.7320065515003554,553,28,47374
95.0,0.1832774483179072,823,10,26455
85.0,0.19798876844717253,758,34,19708
85.0,0.3764595697004709,835,6,43009
70.0,0.45021137037204195,782,27,29926
50.0,0.06281821505318817,383,3,7045
50.0,0.27149973400396576,576,14,28069
50.0,0.242966189058645,324,10,20976
50.0,0.3082253880196411,480,37,34336
40.0,0.5944374962777679,312,33,49906
45.0,0.22886252596471723,550,4,31291
80.0,0.2062256529676427,695,25,28693
50.0,0.26483790523690776,482,39,27081
35.0,0.4639430516867843,444,24,34477
90.0,0.16728971962616823,825,20,15931
90.0,0.2626564421616147,809,34,36307
70.0,0.2387786728468315,607,35,34206
50.0,0.6969063479929484,625,30,44671
75.0,0.028053769725306838,841,0,1824
70.0,0.4935714108079879,760,8,39694
25.0,0.5375305623471882,305,11,26382
50.0,0.3525609580147165,524,17,48872
55.0,0.1992041641271376,423,16,28435
60.0,0.2910264290104487,704,5,20834
40.0,0.5978164213022429,532,13,48404
60.0,0.2007159904534606,636,34,12615
85.0,0.17186361131357664,797,5,19335
85.0,0.014366453619587688,697,25,1515
25.0,0.6280541696364932,514,12,22029
45.0,0.12197065519858336,572,6,9643
90.0,0.04024867062871442,791,9,5147
50.0,0.34977616834421604,513,39,49068
85.0,0.06415238095238095,682,21,8420
70.0,0.43967397655124063,708,21,45151
40.0,1.0800539083557952,643,23,36063
75.0,0.5768012768544791,774,37,45535
40.0,0.12842107108115924,370,0,14654
20.0,0.9240471414242728,376,5,36851
50.0,0.10913581817410847,409,18,10295
40.0,0.2678147880787873,542,9,20776
25.0,1.4399804158746616,532,38,49999
40.0,0.30372156791489785,345,35,18387
50.0,0.2874370904947298,323,37,33297
80.0,0.3375127863364434,800,30,21777
90.0,0.036856175369809306,747,32,3102
60.0,0.027003291136994685,300,39,3044
65.0,0.3560792318040544,698,25,23028
95.0,0.21920509131325128,821,35,28795
60.0,0.020535497239167932,612,2,1774
60.0,0.054812092386408676,475,27,7606
50.0,0.31857191898386544,374,11,35264
80.0,0.1284220420632123,696,23,13116
35.0,0.6050938976456108,398,21,30481
80.0,0.36943894645606135,777,26,28558
50.0,0.37644625980551333,520,23,44054
60.0,0.06727269530357112,368,17,7652
45.0,0.25680315214636285,565,8,33435
50.0,0.3507373235549247,563,31,44477
85.0,0.23715921808955678,745,20,21826
35.0,0.6600186567164179,415,17,35377
50.0,0.07338606787445777,321,21,4314
75.0,0.8012011670645296,801,25,42289
50.0,0.5902291724993001,626,32,29515
50.0,0.3397515968772179,428,28,47871
65.0,0.2501186402577616,590,40,30042
65.0,0.33550466837032955,781,2,20087
50.0,0.31787378988884907,552,21,35462
60.0,0.0843276346986379,572,26,8785
40.0,0.46633561436444015,466,13,38503
75.0,0.5437269989963198,841,23,40630
80.0,0.1968578930971561,696,23,22116
40.0,1.1581640219486875,611,25,46857
75.0,0.07520029133284778,740,4,4130
85.0,0.32823115331096014,832,23,28070
35.0,0.690562980963953,373,40,40920
30.0,0.38768939393939394,553,19,16376
70.0,0.36577759802460724,676,10,34367
40.0,0.8453389830508474,617,12,39501
50.0,0.14193276825433507,556,6,17197
35.0,0.4575834217182018,516,32,28043
65.0,1.246607574536664,850,16,38676
75.0,0.10959220253709873,704,5,14246
25.0,1.1407027505571328,477,10,37366
40.0,1.145010433288327,677,3,46642
75.0,0.2046469422355947,765,1,25710
95.0,0.19192572133748603,826,19,19596
50.0,0.2615838215256234,489,39,33980
65.0,0.3412192596209704,625,38,40529
35.0,0.23803214722497235,460,2,16349
65.0,0.7810647128578688,804,15,36885
50.0,0.5332899869960989,595,30,36909
55.0,0.22488240762581344,430,39,32415
45.0,0.3903505566518064,360,15,32047
55.0,0.09352293019313535,473,6,11365
100.0,0.08067351614623111,839,37,11197
40.0,0.4933871303382737,654,0,42677
75.0,0.308939654282039,756,2,32903
35.0,0.4544119782506978,386,23,28164
35.0,0.1378940596182715,385,4,10288
50.0,0.322246582312579,373,27,43066
35.0,0.4881391974022615,470,31,33974
45.0,0.42065414340124985,457,28,45503
60.0,0.06017831847346054,588,7,3611
50.0,0.17348641696467784,584,1,13826
45.0,0.20625661025912215,341,30,12481
40.0,0.8337236533957846,667,20,37024
40.0,0.6236713805529479,623,4,41191
60.0,0.14678091775940913,587,34,10175
35.0,0.23704151364418205,500,22,10198
90.0,0.0788688158646109,750,18,6077
90.0,0.170081846984276,786,11,23191
80.0,0.2214618329826498,699,16,32102
35.0,0.47261979399910437,482,23,26384
55.0,0.16519149866142163,311,23,18141
40.0,0.5347839719069417,364,29,42641
75.0,0.26496367042910024,685,10,28991
65.0,0.5132230653882855,717,37,45178
60.0,0.2306012928405903,641,9,18907
85.0,0.3025952966320179,756,27,40493
75.0,0.32226728020227063,707,13,46013
40.0,0.12526178010471203,337,2,10527
60.0,0.665448980599299,700,10,40440
30.0,0.04338593127857248,525,4,1471
35.0,0.5615571418058724,426,29,30524
35.0,0.4145906150070648,323,39,22300
40.0,1.0749635340695978,604,37,41270
40.0,0.3237158885058143,335,19,22159
65.0,0.32174734191382204,597,22,45997
65.0,0.19218735185360766,613,28,18243
50.0,0.20074407352765994,464,8,21907
45.0,0.14784097161371834,429,9,14510
75.0,0.4306541000388295,748,19,36600
90.0,0.14736813126307674,778,10,21412
70.0,0.1121753898973666,650,19,12285
45.0,0.13817571380205396,520,38,9795
25.0,0.9954945730083965,391,36,43749
90.0,0.28457370778257257,806,22,41809
95.0,0.11864333957756887,805,34,13807
45.0,0.20390886881427192,516,34,14356
65.0,0.3174769097520365,621,28,42520
25.0,0.7705588758220338,466,19,35972
50.0,0.7229093921997988,732,25,24430
35.0,0.41294503266987254,372,5,38299
95.0,0.13812894585804478,838,40,17328
50.0,0.012282611729894201,437,4,1760
65.0,0.22341255182038336,813,3,10886
75.0,0.1249445746500285,705,29,11835
50.0,0.05360204254317227,543,3,7285
35.0,0.1519358162814662,572,4,10321
55.0,0.1260225106095086,395,19,16392
85.0,0.3224210693952303,790,13,32393
80.0,0.19446181749953093,720,15,24874
50.0,0.4086119051888733,621,5,38736
30.0,0.37629633074454727,408,17,16183
45.0,0.07295112759176452,358,3,6020
70.0,0.18152969654032353,729,11,12299
65.0,1.189095945605641,806,22,47219
55.0,0.01837294866553758,551,20,1573
25.0,0.41337055995036454,542,30,18655
40.0,0.0661975973394267,327,37,2926
50.0,0.22571861945494331,420,16,18155
50.0,0.4813997926534263,646,5,47363
55.0,0.11474092124411954,600,1,13561
25.0,0.5290104486785495,560,38,17214
55.0,0.15580949665811397,454,19,19675
50.0,0.3046522147134476,510,31,45126
45.0,0.593344903040821,582,7,39318
50.0,0.6103273633589493,660,36,38201
20.0,1.0254150495903407,377,5,38047
60.0,0.44014850851363463,632,34,48132
85.0,0.09625388338992848,694,22,10658
40.0,0.1005454647697239,535,0,12516
50.0,0.14952543089539452,414,37,13438
35.0,0.5621411550210309,357,19,35149
55.0,0.10251933396464646,450,10,10393
65.0,0.27097172370109307,706,35,16684
50.0,0.32457696030977734,470,22,41911
65.0,0.3007412903536072,620,25,43775
50.0,0.25215722920311756,533,25,25365
60.0,0.5552997338515483,806,7,26289
45.0,0.4581318473743861,501,12,48507
60.0,0.479006184224802,750,27,17660
65.0,0.2637611173935634,743,12,8630
45.0,0.3582560076136093,518,9,42161
45.0,0.34587508893793034,592,0,28681
40.0,0.41076930722592186,544,24,33062
25.0,0.9030882910193255,451,37,38132
55.0,0.2289900759692335,541,17,33850
50.0,0.2726980186640923,373,18,35592
70.0,0.19108451121142603,597,10,20657
90.0,0.1817004065640075,835,15,17251
25.0,0.7424913506376293,477,4,44424
40.0,0.3339062960416462,478,2,33995
35.0,0.7235802377963223,413,30,39192
45.0,0.46016960934241624,558,19,46340
60.0,0.5421271299053002,731,29,32230
70.0,0.19381805558507434,656,10,27358
75.0,0.2671941830624465,796,4,31235
75.0,0.2932534523668827,691,37,32257
50.0,0.17010441895332643,360,8,19174
40.0,1.3807046004101498,608,35,45109
65.0,0.28940973979953427,756,11,11434
55.0,0.025443600019955766,567,7,3060
75.0,0.02521599062820325,698,37,1722
40.0,0.18637476904567524,359,2,17350
70.0,0.0789388727471084,736,2,7091
65.0,0.03340139092707203,724,0,3141
70.0,0.12795884923525128,609,24,14055
55.0,0.20418255092037904,533,21,28119
85.0,0.13292753057083645,770,13,12251
45.0,0.15848890774639351,466,32,10459
60.0,0.19660844908812075,658,6,17820
55.0,0.11591045927168671,397,26,17134
30.0,0.3872732979434763,305,2,28379
100.0,0.018072676944864655,840,27,2246
55.0,0.0632641898430597,321,8,7518
70.0,0.2808852445299753,688,22,26856
50.0,0.1924064163601713,532,8,27360
45.0,0.25554529846690077,390,6,29620
30.0,0.6341371190897684,311,5,36896
65.0,0.4108507360667612,728,17,40272
60.0,0.9015717544630711,753,26,43078
60.0,0.6810732554772705,704,25,35283
65.0,0.3054737349322681,656,39,39305
50.0,0.23558287356562965,370,20,22460
80.0,0.020947747479790522,674,21,1972
50.0,0.5370791694266048,596,31,37298
40.0,0.06855565174664827,341,10,2930
60.0,0.03188717940596568,550,39,4027
60.0,0.34735769226210933,586,13,29309
75.0,0.12951573768282,670,8,15373
35.0,0.3512171593939738,402,7,24758
75.0,0.15440920484612172,690,7,17741
65.0,0.028150894025294373,698,13,1291
50.0,0.3836229952584292,405,27,42314
85.0,0.2602457851596694,845,29,22892
55.0,0.17321335225151221,416,34,18556
65.0,0.3763510636140571,778,40,18559
55.0,0.4496211706617048,678,3,36971
85.0,0.05019950687190337,737,19,6454
70.0,0.01744606032520547,787,0,1280
50.0,0.5655178213519839,594,19,40348
70.0,0.2563664914316925,700,6,26285
60.0,0.8771221136524919,726,20,48204
85.0,0.015258139986498859,698,35,1650
60.0,0.5292500205812135,686,38,32144
70.0,0.5567127589687715,786,26,34745
35.0,0.19933110367892976,371,3,11622
25.0,0.4285003013547863,526,31,16352
40.0,0.25963933637893727,499,2,26996
35.0,0.48180831031022775,537,21,35053
55.0,0.1874878556557946,337,31,27017
85.0,0.1951195350680227,763,37,17727
45.0,0.12035134239310573,455,37,7262
90.0,0.17150034872933864,792,35,25327
55.0,0.1304513698466821,389,23,16413
55.0,0.19512035345411138,320,35,26807
60.0,0.08350536328678405,446,37,10315
65.0,0.27585904628331,586,33,31470
55.0,0.3865479876160991,615,26,24971
95.0,0.055748903429927374,835,5,7753
50.0,0.3139947319584543,340,30,41961
65.0,0.3202468465103645,658,40,37727
35.0,0.6037892663106214,520,22,39230
25.0,0.29154694862659464,405,1,20294
60.0,0.3620896001184469,630,26,29347
60.0,0.6120893339333934,731,10,43522
75.0,0.20766683647478348,692,26,16306
80.0,0.06370132074556653,687,7,7881
90.0,0.3363514119229045,803,36,45024
65.0,0.2976590197145054,616,12,31737
30.0,0.662448271258844,649,3,24812
65.0,0.37559260305798875,666,10,47852
45.0,0.10469541100970686,538,18,6493
40.0,0.28865940668419077,458,2,38435
40.0,0.06697329671420535,461,31,2024
50.0,1.0846124811273277,707,12,34482
55.0,0.01871499373917477,395,9,2496
45.0,0.37808359981726813,394,22,33105
25.0,0.8266927358557035,346,4,46933
95.0,0.08805633156021583,816,14,6903
40.0,1.1368000834942338,621,17,43569
55.0,0.35021977286418704,601,7,31393
50.0,0.20540689853958494,343,33,17103
85.0,0.23403689723004945,799,38,17608
55.0,0.182624459846999,409,13,23371
40.0,0.2454028970422413,559,0,33951
40.0,0.5797219950940311,337,35,44667
45.0,0.18609834238751916,452,7,16032
40.0,0.32042439599452566,406,3,47294
50.0,0.24894944895624496,432,33,21979
55.0,0.21083791552111972,546,31,26994
65.0,0.13860738090303157,596,10,12706
70.0,0.6477297826018363,767,10,41057
45.0,0.2013780297107115,451,6,16484
30.0,0.10844881123418455,424,8,4680
75.0,0.09390008170423068,731,40,4712
90.0,0.019089661049043742,755,14,1613
40.0,0.09876543209876543,408,10,4000
60.0,0.3470371179569344,639,22,28591
70.0,0.38675533507248855,725,28,36174
75.0,0.13697158624175917,837,18,6503
35.0,0.1331556551976574,412,1,11641
90.0,0.08163220121330204,779,29,7374
20.0,0.37048721536700163,511,3,14562
15.0,0.3629887935145446,465,1,12179
40.0,0.08624678990058227,454,20,3392
50.0,0.2187458945985549,303,15,21646
65.0,0.4599657708497155,807,25,19888
50.0,0.8451478616031104,659,32,43040
85.0,0.15457961842875442,846,4,18222
55.0,0.18672870388900006,531,39,22394
35.0,0.6285007604504325,326,17,40911
50.0,0.6633628002500224,588,17,37145
75.0,0.4650027843871817,810,9,45926
55.0,0.24565378033602986,314,23,25265
40.0,0.6980324696269218,658,29,32462
95.0,0.1279047976011994,823,10,13650
50.0,0.1182155163979868,502,26,10875
85.0,0.05285997685567862,768,7,5116
40.0,0.19197917964478037,343,6,13868
80.0,0.3310782732999784,850,10,19918
25.0,0.8935526183028958,353,19,44280
80.0,0.25787411098746915,805,28,15990
80.0,0.24431280517809154,745,22,12909
40.0,0.34928221833003226,498,32,21338
100.0,0.04468206514997395,819,17,5403
55.0,0.3102258673436178,691,27,9532
40.0,0.569534761676592,333,10,49922
35.0,0.4247328466621762,433,11,23331
60.0,0.1936005825007079,690,40,9572
55.0,0.18638856714587448,330,26,21885
60.0,0.7815649788274587,768,11,26209
50.0,0.20802181370393175,426,36,18920
80.0,0.38339402767662056,750,23,34216
65.0,0.20566533559024044,589,8,21992
55.0,0.09610566631790127,549,7,10012
85.0,0.11038520630614419,829,29,7975
45.0,0.08488919312056131,326,0,9921
60.0,0.010375033651556256,356,13,1503
65.0,0.4411035372349298,714,13,39668
45.0,0.3596536526198225,492,13,29948
20.0,0.6426314363959192,493,1,42708
90.0,0.16888205732671768,762,29,21205
60.0,0.3589793272025398,740,0,24085
40.0,0.5956392839719293,396,38,47616
75.0,0.5777311671228981,806,7,48753
50.0,0.3220129047125245,388,30,44716
25.0,0.828206465067779,323,32,34947
60.0,0.30717824634174445,612,5,42656
40.0,0.46934615384615386,546,6,48812
45.0,0.30935251798561153,559,17,24725
65.0,0.4181113325507112,838,11,15315
55.0,0.09793546217949231,395,6,12234
55.0,0.3608389648742738,609,9,33479
90.0,0.11911959744109846,763,38,12215
45.0,0.37302127214212827,543,31,28513
75.0,0.7423346841949194,802,39,37551
45.0,0.029587712206952305,422,8,1830
25.0,0.6606294606294606,646,0,28232
35.0,0.6934552360069696,473,30,35421
25.0,0.5369043059583083,519,1,49065
65.0,0.13654783396998318,682,1,17623
50.0,0.29267927507332975,573,21,43006
55.0,0.21382398992328752,554,38,24445
40.0,0.48755821158035695,592,3,24394
35.0,0.15067408613825553,422,38,6661
55.0,0.3510000692089418,734,3,25358
65.0,0.0569486668086672,634,40,2941
50.0,0.29428038203974094,520,31,40209
80.0,0.3811062163485071,804,34,27251
40.0,0.10067144906743185,400,4,8771
45.0,0.15925583410399327,513,3,19115
40.0,0.41127459478200573,466,15,37959
60.0,0.10444417349955802,633,39,6853
60.0,0.06719217061393423,366,16,9351
60.0,0.5030237315418237,721,8,45000
85.0,0.031272369990876556,746,29,2228
75.0,0.09142367742316553,586,32,9287
35.0,0.4306378476420798,519,30,28491
25.0,0.9774709302325582,379,20,48420
45.0,0.36911044030081075,575,7,49033
40.0,0.5609277211927844,632,29,27426
55.0,0.3018779066344852,653,7,25640
50.0,0.26080009224864303,442,29,31664
30.0,0.3016015758821514,539,23,14086
60.0,0.1477129378423681,596,25,8548
40.0,0.09209684410410948,438,33,4462
50.0,0.032542492437499154,497,24,2399
40.0,0.5769722436684428,553,38,45586
50.0,0.12737775551967395,428,8,14752
40.0,0.4068872194484625,570,20,34880
50.0,0.2819170250848182,504,25,42212
60.0,0.7337861879346596,734,32,45370
55.0,0.1985348099782877,395,21,25420
75.0,0.03564068939677782,767,23,1522
55.0,0.14365312531658395,313,24,17016
25.0,1.2592573518051193,395,29,48902
60.0,0.7338036067412415,824,1,49724
30.0,0.4144370483566008,655,3,16001
65.0,0.2773384316792677,592,35,28722
40.0,0.07483586376692655,490,20,2918
75.0,0.2805898993380146,670,30,39080
95.0,0.1297556474600847,836,11,15750
60.0,0.04299618453691435,399,18,4316
60.0,0.4448250694542544,786,0,37787
40.0,0.32143745825530073,326,5,24544
60.0,0.5245857448664076,693,19,33083
90.0,0.2727559456702636,823,10,40645
55.0,0.22483701201790904,480,31,28624
60.0,0.06853022958242083,479,23,8355
85.0,0.14278852679830012,792,11,13675
40.0,0.3011811881619666,504,19,20730
65.0,0.2737127969619359,752,13,12397
45.0,0.1892801513128616,387,39,13610
50.0,0.38384068681405076,344,29,48823
35.0,0.40212293260923226,495,23,26064
40.0,0.361172185763918,516,32,21519
25.0,0.6246654209383364,461,38,24738
45.0,0.28423881036513543,405,7,38611
65.0,0.30946246255918064,689,29,19217
45.0,0.8246330545201619,618,7,46238
75.0,0.2887442657381308,783,23,20897
90.0,0.3106748608726663,823,36,37459
60.0,0.009064336342157872,560,13,1197
55.0,0.08831435677980504,573,6,11433
65.0,0.48199847371014015,725,6,49896
25.0,0.5551447116407746,640,0,20869
80.0,0.37237879416552294,755,22,35001
90.0,0.2913104713242278,834,15,35576
90.0,0.1976482185607661,741,23,25263
60.0,0.6122714332639877,681,32,44735
45.0,0.1336693847294292,302,35,9016
85.0,0.39441709642131584,838,9,40382
45.0,0.11308657693706803,456,34,7461
50.0,0.258449276761214,508,14,37486
45.0,0.15710045368798978,337,3,23235
65.0,0.3473576687353043,594,29,36046
45.0,0.10393052075108991,568,2,15138
80.0,0.3510246815039028,797,33,33863
35.0,0.552168626867153,416,9,44507
60.0,1.0093635360816808,743,30,39346
75.0,0.30857500678999306,737,20,40901
55.0,0.1319203893932155,560,23,17671
35.0,0.5095830730002195,399,11,30177
55.0,0.20716928307169283,458,40,20719
75.0,0.26222728362502995,770,11,13125
50.0,0.34396258081174214,435,26,34636
80.0,0.0932835371363171,702,37,7743
55.0,0.1380670468165474,432,17,19007
45.0,0.38976750629141366,441,12,33764
25.0,0.8470045625867884,370,21,34158
60.0,0.4482944022940438,792,25,15008
45.0,0.19897111515903676,454,4,29820
45.0,0.14279573254132635,413,33,7308
85.0,0.25319388411389815,797,37,34643
35.0,0.4796910258635654,545,12,33162
65.0,0.2854448729135587,630,16,40564
25.0,0.730619303832217,474,31,26615
80.0,0.4645484664090905,750,40,48936
85.0,0.08313162176104123,688,14,8380
80.0,0.5471901499544867,847,17,45686
60.0,0.24328890557537075,613,25,16848
100.0,0.059833555782366335,844,17,7621
50.0,0.22529238429458553,383,7,32035
70.0,0.41640727456588034,747,20,26354
90.0,0.3470359088512682,802,20,47394
50.0,0.4402121010297659,728,20,17185
25.0,1.2458146440078337,342,12,39440
60.0,0.6318908627625005,686,37,44142
60.0,0.08997326770484151,431,38,10602
50.0,0.20825333057631523,457,6,28200
30.0,0.3986933579026719,364,27,14280
25.0,0.43424462447178575,531,36,18600
85.0,0.06927723152620782,789,4,8476
45.0,0.10640290674202664,382,4,13178
45.0,0.29008157804378454,559,22,24500
55.0,0.23173879225003535,554,28,26218
75.0,0.5917389497740612,799,18,45571
50.0,0.33523057512652216,456,13,47295
100.0,0.04294351970408308,817,17,6037
75.0,0.21670381428991967,751,0,30918
55.0,0.37746963457227756,630,19,21723
85.0,0.3074044510818721,763,18,35816
25.0,0.9498229410424734,524,20,45866
60.0,0.39635199164792806,621,29,39483
60.0,0.11805810397553516,603,32,7721
60.0,0.04358879021867893,312,14,5041
35.0,0.5925696913484825,518,30,34500
80.0,0.09208402699233692,698,29,7246
50.0,0.38980985100726856,322,25,44137
50.0,0.35387668009412515,413,23,35491
60.0,0.06446416459416686,443,36,9124
55.0,0.14857418278084714,452,24,20653
75.0,0.2926566813038451,716,30,43787
75.0,0.628026772854359,821,11,37063
85.0,0.23755750037364864,825,25,14305
40.0,1.3378710841397408,632,36,48942
50.0,0.23162521688837479,340,38,20024
25.0,0.45726141078838173,384,40,17081
60.0,0.01959708786277052,645,6,1179
40.0,0.918271591467074,619,23,33662
70.0,0.6227047608536703,774,34,45138
65.0,0.7122374955243863,842,2,45752
55.0,0.20999298464416558,385,38,24246
35.0,0.11693462860051754,464,33,5513
25.0,0.5524156791248861,351,27,22422
30.0,0.7864978571147722,491,7,40006
75.0,0.29618083815783414,683,30,38574
50.0,0.1286953563531213,537,9,15132
55.0,0.23511481740130633,462,30,28617
40.0,0.6476537330158285,634,24,23118
55.0,0.1268934144233748,395,26,15565
45.0,0.2756883162725026,416,7,31241
55.0,0.17961611378263806,440,13,22075
40.0,0.5062194012612558,468,15,49528
60.0,1.2783323000619964,795,38,41239
75.0,0.12823278308848574,744,3,11295
70.0,0.47952105023842556,805,3,41129
50.0,0.3825538879976547,354,13,46978
60.0,0.06040122407344441,319,34,8882
55.0,0.4085731323973842,603,26,40423
75.0,0.3276370254642679,793,21,20342
50.0,0.3213750761279278,482,16,39049
50.0,0.5120541143932957,601,32,30734
20.0,1.266162695152013,332,7,38523
60.0,0.3760041104302167,624,39,30004
50.0,0.9297074908434098,684,16,37060
40.0,0.32329343680126266,574,15,22122
50.0,0.25142953672030066,400,34,29768
40.0,0.5987244386527666,467,15,47783
35.0,0.41372091150656254,432,5,41104
50.0,0.27072152653548004,307,27,33596
70.0,0.4731279782164738,742,23,27801
65.0,0.32500903019271493,617,38,45889
25.0,0.9854945054945055,446,25,38114
50.0,0.3599204614606636,512,13,41993
60.0,0.9975037091114617,765,33,42357
30.0,1.2106743652379894,602,3,49065
40.0,0.4164913952380399,536,24,35842
80.0,0.14381147055338311,760,20,9709
90.0,0.39787212686941686,827,21,43604
80.0,0.011638468200156305,739,39,1102
60.0,0.08077375091319125,473,34,10172
60.0,0.41181694946945263,717,28,26430
45.0,0.15088077263143576,366,36,11092
50.0,0.10359727211203082,588,10,3980
70.0,0.7141527268560953,778,15,49865
90.0,0.04474570958388841,807,8,3426
55.0,0.2390320759057731,330,40,34287
50.0,0.06468940149197291,330,3,7527
40.0,0.46259320815739824,412,39,41193
70.0,0.21376669203047002,667,27,25565
50.0,0.029692794398676753,355,16,1849
85.0,0.2470284237726098,795,37,19120
75.0,0.07866214087068701,736,9,7439
95.0,0.062096411590819946,821,9,6491
65.0,0.2832097372239239,580,34,42162
90.0,0.10644756516316149,760,17,14167
70.0,0.10582148053567716,584,11,14255
70.0,0.6019350073855244,752,13,40751
20.0,1.0193197622961183,543,7,40309
35.0,0.2836102205382299,427,7,14596
50.0,0.15254313883511963,485,6,20253
30.0,0.10521248488648068,522,8,4699
65.0,0.32993887059610255,607,25,45392
55.0,0.32510974713465624,606,4,32734
60.0,0.5685169768686448,717,34,38243
75.0,0.04823300970873787,667,25,4968
45.0,0.4332221543665148,442,18,46110
60.0,0.036525418956209726,344,23,4540
55.0,0.015133565993233653,349,26,1418
25.0,0.6074074074074074,358,30,23780
35.0,0.4092882197578797,318,3,49124
70.0,0.2990786311826161,724,32,23274
65.0,0.16136726749026756,651,40,14342
25.0,0.9850013185654009,481,11,29881
60.0,0.020600071453127422,350,16,3056
90.0,0.22071284236980185,748,25,25996
40.0,0.3497257586389609,438,10,24421
75.0,0.2577557558752711,849,6,12953
85.0,0.3176835130480492,743,14,45931
50.0,0.348809419207451,389,27,39698
35.0,0.626985883081825,702,0,28336
40.0,0.4114637749036279,529,18,34263
70.0,0.11950217601758258,604,34,13702
45.0,0.3466855326842525,536,20,30872
50.0,0.31953063726423353,570,37,41963
30.0,0.8629607548876509,580,3,41977
80.0,0.11962680237489398,722,24,14104
75.0,0.31524166560481787,731,40,47006
40.0,0.3426533523537803,313,2,43236
100.0,0.04410746091430833,818,22,5349
45.0,0.27640739149119037,601,28,12864
40.0,1.0948871078746976,583,39,49317
35.0,0.6469744608086492,561,30,46916
40.0,0.2563458401305057,422,40,15714
25.0,0.9367848134873225,569,12,35284
90.0,0.12346992248910858,760,39,15786
70.0,0.2330600931768591,723,12,15808
80.0,0.13650623082655944,701,25,15752
35.0,0.14838152345139488,461,28,5840
55.0,0.20072543610612922,341,23,24958
75.0,0.4821344417994852,767,36,39900
75.0,0.046113924842118424,670,28,2950
45.0,0.18436658279481694,456,8,16633
45.0,0.23667324368688963,353,15,14274
45.0,0.14520878852443445,443,33,10700
80.0,0.22063879117364887,789,29,11039
75.0,0.2679526339281807,772,2,30616
35.0,0.6733928437476558,519,16,44885
75.0,0.3050244334393756,786,23,18601
25.0,0.8632304521875074,455,39,36443
40.0,0.28401463024986334,498,12,20267
80.0,0.18269129287598945,699,39,25965
50.0,0.18151023962023355,551,12,15218
55.0,0.22670958229191016,340,17,25216
25.0,0.476904034986385,407,4,28898
20.0,0.422687295666989,446,8,18359
60.0,0.34351588736760524,602,9,42552
60.0,0.9231016852868775,734,26,48749
25.0,0.7262440031839598,384,27,33758
50.0,0.2175546941725248,358,32,16557
55.0,0.11711108435910554,391,22,15565
55.0,0.07516305882003357,332,9,10118
30.0,0.26971197229471017,579,28,11059
80.0,0.1186857518126868,730,38,17711
40.0,0.5528553365735961,547,18,47660
55.0,0.21006161122693467,392,23,27003
90.0,0.306046829203304,800,31,36755
50.0,0.3702623359813917,563,20,39477
35.0,1.2541596031895523,641,6,39950
75.0,0.03935889786022342,583,21,5211
80.0,0.18588012222404104,673,17,27253
50.0,0.6606047979046372,600,31,44390
30.0,0.2897039543888533,306,23,9502
80.0,0.4851238406470042,845,16,41269
85.0,0.2681344475717499,807,18,24674
50.0,0.30959153153681496,381,40,31674
65.0,0.10058864632519533,599,38,9501
70.0,0.03378534238449878,595,9,4101
50.0,0.10357109672623657,456,9,13376
75.0,0.1445234231557455,767,1,18970
50.0,0.33372241510036316,574,13,33451
45.0,0.25444448374659545,506,9,35967
85.0,0.07382469555366751,712,39,10427
40.0,0.5350528948757372,472,23,46632
65.0,0.29494273890867095,620,12,36777
40.0,0.1405545567694648,334,1,20327
55.0,0.13343622968619603,549,10,14870
70.0,0.183939366968143,609,23,26866
95.0,0.1522342503340898,811,37,19252
50.0,0.9306686742864965,710,17,40794
25.0,0.9282399449982812,366,21,43204
25.0,1.5199150292087096,568,20,48654
60.0,0.08617318690956932,625,7,4716
90.0,0.06940705306485705,740,28,6239
70.0,0.40401017507107584,765,9,32400
40.0,0.5292301152701723,523,33,42331
40.0,0.3972128194469189,329,17,20066
25.0,0.7866465720704069,607,1,27664
25.0,1.1759678230266466,427,33,37424
65.0,0.9346862300100279,830,37,35419
45.0,0.3892450318063021,535,39,31574
60.0,0.83358329167361,761,19,30014
35.0,0.5177547987991631,325,28,34148
45.0,0.3563569809280173,537,14,34268
85.0,0.2933915621834477,745,22,43735
50.0,0.13498384290330598,541,7,13576
25.0,0.8791669806817897,540,31,34997
75.0,0.33237118692213946,729,34,36272
60.0,0.533016495238756,729,21,30730
85.0,0.3563272844066164,787,33,44377
65.0,0.4956769441202675,815,0,39500
75.0,0.05547250859106529,584,22,6457
55.0,0.2083517006374329,506,26,29777
15.0,0.6934211971444262,309,2,31568
50.0,0.3691275167785235,556,36,37840
60.0,0.4531846786220945,628,13,49834
85.0,0.06327115691682392,802,5,3487
45.0,0.3502519310608207,565,25,28431
50.0,0.05962846811646359,504,3,6959
50.0,0.2546128745179472,471,24,34332
80.0,0.3265711630291959,832,26,20380
30.0,0.56993429869578,313,6,34872
25.0,1.1654193151527579,301,27,45470
40.0,0.30535026051725767,356,2,35573
65.0,0.43581808396124866,709,36,42107
100.0,0.020766345123258305,802,24,2790
35.0,0.39667237647558723,482,4,29873
90.0,0.23466678545972916,750,21,26339
35.0,0.5988748752381816,301,15,33001
10.0,0.9082363618683349,481,1,28020
80.0,0.12527131478407763,727,31,12755
75.0,0.6319956648703977,810,28,41986
50.0,0.37326849037487336,359,30,46052
60.0,0.07538299964992415,515,23,9044
70.0,0.1513145411228943,686,4,21531
65.0,0.136257224860132,647,15,10302
70.0,0.25573387044376583,680,27,19680
60.0,0.7044448807599946,730,34,46642
55.0,0.17139581274818697,479,22,18387
75.0,0.2951975602399544,684,18,44042
65.0,0.5129933272977232,688,10,45897
50.0,0.02743412099468019,308,13,1774
30.0,0.27993659525863074,351,36,12009
80.0,0.3695533412001224,785,22,33823
55.0,0.24721091152186558,383,37,28474
40.0,0.5423546387850688,488,32,45855
30.0,0.7223358921895913,534,5,46954
85.0,0.3488578638068993,762,34,42029
55.0,0.021594041405196177,304,32,1841
50.0,0.06885473100667759,486,4,9837
75.0,0.019710698915120933,639,30,2867
75.0,0.09825818076657843,793,24,4417
40.0,0.9209225700164745,625,25,27950
45.0,0.025919389909557874,361,7,1645
60.0,0.0874677168500207,311,20,12260
85.0,0.3885381748881213,769,29,45668
25.0,1.1592896323249877,411,36,42692
50.0,0.8541114058355438,590,39,47012
60.0,0.2937559518910848,655,28,24986
80.0,0.3117881441942638,805,13,16589
50.0,0.5458712351634671,604,25,38586
85.0,0.04218094776944371,710,40,4617
25.0,0.9294974195133939,334,38,30257
90.0,0.11789370019994629,754,35,15802
45.0,0.36286306088251724,420,31,31183
75.0,0.2725071678878624,773,29,17108
90.0,0.3625010606212541,832,21,46995
35.0,0.31263736782032053,384,1,33143
30.0,0.35281139265895567,372,17,15831
50.0,0.26009680976320854,534,19,27834
30.0,0.5708172166899843,549,5,41616
60.0,0.02048152114907789,521,21,2792
65.0,0.5091032181629149,813,14,21056
55.0,0.21243875612438756,340,28,21246
40.0,0.34432354752617533,380,29,25158
35.0,0.5031372208221083,456,19,28948
25.0,0.39367692263495074,428,0,27407
25.0,0.9293598233995585,474,34,34522
90.0,0.1664727236560744,767,23,16738
60.0,0.09845588920843702,466,27,13728
60.0,0.28098320260984244,639,9,32385
50.0,0.21597643762795876,550,21,18039
25.0,0.9296068956510383,305,28,35590
85.0,0.27419607409659086,794,26,29767
70.0,0.09036261542882439,636,6,11635
65.0,0.3266526115963457,580,25,35791
30.0,0.14278294831311283,561,9,6873
50.0,0.36914899952358265,404,10,49590
65.0,0.634159689968346,842,4,42873
40.0,0.8778046401153666,636,19,41392
85.0,0.25332627137991176,824,6,27741
70.0,0.12073925468894903,669,19,12759
65.0,0.3327411188682865,634,24,39892
80.0,0.47759891191815024,850,27,47054
60.0,0.026169013235249783,304,34,3472
85.0,0.03843765014707089,748,8,3280
85.0,0.09127359259379991,704,28,11200
55.0,0.13058797963491867,375,34,16826
35.0,0.10618587297549394,339,38,5009
80.0,0.03538125162897107,684,6,4887
80.0,0.5810466390357772,832,40,48787
55.0,0.1904940030402636,353,14,23935
60.0,0.0121998927800397,473,13,1684
75.0,0.048031082247832126,618,40,5118
60.0,0.43767270786880874,589,39,45932
50.0,0.49121986479016966,689,13,23106
50.0,0.09844203976115852,387,9,8606
50.0,0.21430933258874446,451,8,29166
60.0,0.25387287252518237,596,15,21927
90.0,0.29400231117509995,835,34,31039
65.0,0.2526644818374597,677,32,18349
65.0,0.1959963625945165,631,28,15734
50.0,0.39425542406311637,456,13,47973
60.0,0.026335111172681305,468,21,3802
45.0,0.2677676703799193,634,19,11009
75.0,0.27427044146355767,725,29,32735
35.0,0.30822463102455755,424,4,25165
65.0,0.28317642028846407,639,29,32454
70.0,0.22481734528652106,633,12,28463
75.0,0.1755460615663196,716,5,24818
55.0,0.22983737921282113,396,17,29256
70.0,0.17729778565991017,634,30,21194
95.0,0.12838766817089114,841,12,15221
55.0,0.9020288745488352,794,7,32989
25.0,1.004027073579001,316,26,41387
85.0,0.3217965861716353,842,14,28637
50.0,0.11289441259977501,551,40,10537
40.0,0.5463668732691547,447,16,41431
45.0,0.5090697745556881,611,7,33284
90.0,0.06794157506399638,758,31,6768
80.0,0.41146898870166854,825,32,40024
35.0,0.5881075963829857,439,40,36031
85.0,0.050209456314469755,723,31,6688
85.0,0.0668044461822041,733,22,8372
50.0,0.4350124650789873,713,0,34724
95.0,0.06495168554931645,754,34,6547
50.0,0.14278710766038466,381,12,12524
60.0,1.248605778662108,788,40,44554
50.0,0.03955436720142602,484,40,2219
25.0,0.7128001512573265,333,22,33930
50.0,0.31064099706845416,396,29,36240
90.0,0.1330774779569855,741,22,19002
55.0,0.2062952470884482,365,24,26216
45.0,0.02113860664106179,495,0,2174
60.0,0.6906864476627811,697,25,41062
35.0,0.4092609564446581,516,39,27240
30.0,0.26625768514673775,461,4,19878
45.0,0.4307410138964366,302,16,44387
40.0,0.3171863962054698,530,22,22001
30.0,0.36593865668088055,321,26,16906
45.0,0.12883241385547617,354,38,8547
50.0,0.2457592755288234,544,7,36365
35.0,0.5335650706262934,605,6,26555
50.0,0.2859208895233087,579,32,30446
60.0,0.43727365245853544,629,23,47693
50.0,0.38423001884858304,459,12,46478
55.0,0.10950083280388756,333,20,12754
55.0,0.23255735292874116,331,28,27502
55.0,0.19328022855555665,453,11,19484
45.0,0.32903445458259567,570,8,48322
90.0,0.2489914804784473,745,40,35305
75.0,0.19100909466284105,727,34,18041
80.0,0.15203345576846483,683,23,20613
35.0,0.5363611786969451,464,40,29760
40.0,1.0598527583899033,678,3,44340
100.0,0.06812670680119638,812,33,8906
60.0,0.48030314214709285,808,8,19520
60.0,0.4150012780339105,599,15,43837
45.0,0.25089969878871565,401,5,35068
40.0,0.4327636089567479,315,14,35600
100.0,0.08928164043104259,803,20,13306
45.0,0.29768176480979247,443,11,28648
75.0,0.4115106308373976,804,22,25819
55.0,0.17439000066484941,531,40,23607
60.0,0.06715873967799972,548,24,7279
55.0,0.048155317969685044,370,9,5995
65.0,0.44808630937998356,721,30,37089
40.0,1.0015969199133725,593,16,45786
45.0,0.34043171166413627,535,24,25786
75.0,0.458237481372166,816,17,31672
35.0,0.5091609854353889,371,18,26289
75.0,0.29391128193776456,670,30,43816
40.0,0.1997318022135761,372,8,10575
30.0,0.2152051661896475,571,0,14963
75.0,0.2879764201880012,705,31,32535
80.0,0.23413097152044096,725,30,32621
25.0,1.102569425223729,307,27,47803
50.0,0.14520979075456117,546,5,18640
40.0,0.2416395495228988,569,0,35124
85.0,0.22890700652859775,785,30,21984
45.0,0.4413451615463999,433,21,44477
80.0,0.37483533350253195,755,19,31015
40.0,0.6438216593368328,480,21,49920
85.0,0.1208358239112316,848,4,14353
60.0,0.06018242518182902,458,18,6057
35.0,0.7261945323274114,333,18,44759
40.0,0.259403530127815,500,20,17048
60.0,0.3992659151035584,763,5,16752
60.0,0.08884309728500103,484,32,12029
50.0,0.36040082660740047,355,33,46216
85.0,0.20846243800841635,756,5,24422
40.0,0.5616558157613448,602,36,23120
90.0,0.052876325419179665,774,7,6777
70.0,0.1638749362249481,589,20,22805
25.0,1.444979287006243,434,17,49531
80.0,0.20304445164521165,704,37,27571
55.0,0.053548278000112734,594,21,1900
60.0,0.6138626407443611,706,27,33911
50.0,0.4121344320568751,661,40,25507
80.0,0.07911904159470193,722,29,7192
55.0,0.6234277145629356,706,5,35339
75.0,0.620782637290365,794,23,47195
85.0,0.01865131304129884,739,17,2679
50.0,0.9025248344370861,670,15,43610
60.0,0.2597749500473236,684,1,37053
80.0,0.20499991432634806,815,9,11964
50.0,0.29263946408830666,304,36,35472
50.0,0.3846819414632523,333,23,46238
45.0,0.26794518301370424,421,28,26141
55.0,0.2157940839566067,439,31,32026
35.0,0.8704164654307687,550,35,46858
80.0,0.4112467973833191,752,22,46709
55.0,0.13587732705269223,521,21,16269
55.0,0.013945114049473045,531,24,1216
80.0,0.5057798909369507,827,37,44891
45.0,0.42551256613756616,619,3,41176
40.0,0.5981399135717417,633,33,19101
90.0,0.06209591143774129,768,8,8010
55.0,0.37469415305003234,637,36,26646
40.0,0.2875030307228707,338,38,16601
85.0,0.2679333500690348,752,31,34154
70.0,0.14480826475223255,705,17,8270
50.0,0.5480855118204013,608,35,27612
50.0,0.552407976918931,633,30,34847
35.0,0.8418739744629486,492,15,44637
40.0,0.5620811447201594,605,34,24826
50.0,0.052761141175418934,367,3,7673
70.0,0.26621997256715585,720,28,21932
50.0,0.3164747768992463,379,28,34222
20.0,0.7622851315917257,482,6,31397
25.0,0.7142381298449613,496,4,47174
75.0,0.3549490274796249,687,17,38195
60.0,0.028198388042840694,546,30,3894
55.0,0.14687809575271388,305,28,21202
70.0,0.24475085348380593,655,11,27673
45.0,0.29807926088013614,405,25,23294
100.0,0.014219147811884518,846,40,1480
50.0,0.8070618853382048,712,37,32251
75.0,0.21228636592517994,810,29,7167
75.0,0.43795430098764626,831,16,26872
60.0,0.5515001502296367,691,24,38546
40.0,1.2364904421309848,612,14,48578
45.0,0.2654446707399864,352,40,21896
70.0,0.222246261189388,610,29,24654
80.0,0.1998782158623839,730,34,24947
25.0,0.8766899236040662,353,21,42345
30.0,0.3370372417859841,481,4,18290
40.0,0.33762993762993765,427,36,21112
55.0,0.199559927713212,488,31,26392
10.0,1.0138031154945155,451,0,43995
60.0,0.028015377964426876,369,12,3629
40.0,0.511324725555998,489,22,44948
70.0,0.2585669781931464,732,7,34113
45.0,0.2662456613960663,324,27,22092
45.0,0.09433246798704897,525,8,6468
55.0,0.3158130757301145,609,37,16902
85.0,0.28628240937834215,829,38,27571
85.0,0.17696318018898663,747,14,16293
90.0,0.12201671833039819,741,39,15312
30.0,0.2925320936580373,468,1,27436
45.0,0.19748605588321635,381,10,14800
45.0,0.3643211983520485,378,29,33515
25.0,0.4552980132450331,543,31,19250
55.0,0.28651345842996695,667,15,20384
35.0,0.12534793795043858,309,4,8331
40.0,0.504452559420847,495,38,47244
50.0,0.38204320153950727,539,23,43279
45.0,0.22909535071886475,468,3,29447
60.0,0.3812676624949536,774,1,23610
45.0,0.12317693388478816,402,2,12449
40.0,0.3175776166573713,512,2,34165
50.0,0.25802570111832895,409,12,32809
70.0,0.31055409256911254,746,2,28657
90.0,0.3356088777547266,804,14,42869
60.0,0.04360504112684012,444,15,6176
25.0,0.4118867337413131,310,26,15884
55.0,0.26950864282702847,620,2,28127
50.0,0.3627726298691768,423,18,37075
90.0,0.09636804519292262,781,26,7233
65.0,0.5282692745053446,804,29,23228
50.0,0.2864262742007625,451,36,40344
45.0,0.2786799424135952,479,32,27681
70.0,0.17239827431018964,685,10,11109
80.0,0.20022815812755126,708,39,25801
45.0,0.272576522660682,362,29,21862
50.0,0.18614804035221863,652,30,7547
70.0,0.8685300019886826,745,22,48041
50.0,0.2634265632615369,324,29,30808
50.0,0.06158472912576751,463,3,7372
60.0,0.08417993450531411,507,19,10051
60.0,0.08957689276838213,570,27,11822
50.0,0.8696326650080491,682,33,29711
55.0,0.32165930949805593,683,30,11003
55.0,0.1112259500715535,547,29,12591
40.0,0.5702553573720005,405,13,48884
60.0,0.059558083873876996,337,38,6868
35.0,0.1533922069225296,525,10,7330
40.0,0.6062845400824495,355,19,47503
65.0,0.3780608773353664,670,4,46117
40.0,0.9567690051983827,596,19,43068
35.0,0.2325053477103069,404,29,10652
95.0,0.1911024194843598,831,34,20228
85.0,0.2140885125714444,778,9,23186
75.0,0.2759125716597157,705,13,39562
70.0,0.2512452454265532,812,12,11097
45.0,0.3827216036191404,375,11,30625
30.0,1.340416801008295,651,3,45731
25.0,0.7482616976845584,343,23,32607
40.0,0.2798689084104175,344,29,14432
35.0,0.5515820874320821,361,33,31064
30.0,0.3286726599682708,307,18,15538
25.0,0.4801129195054252,376,3,30443
95.0,0.01605294875524708,847,31,1545
30.0,0.29411764705882354,374,1,24860
45.0,0.24025628197472684,366,38,14887
80.0,0.1650361109007415,690,37,23971
80.0,0.4128257210840926,814,26,35567
40.0,0.38913265925527674,376,10,22437
40.0,0.33861501115798165,577,2,48404
50.0,0.21535251225059202,469,33,18370
35.0,0.6373915966386554,534,37,47406
40.0,0.44940825858956357,432,6,47049
100.0,0.041412422748963465,827,36,4235
50.0,0.23960205831903944,316,8,34922
65.0,0.28448013891903623,627,20,32765
55.0,0.44781672214607404,596,12,43453
60.0,0.2831918814990102,690,3,24892
55.0,0.061781099855937126,434,6,8191
55.0,0.24461555324162876,332,21,26781
60.0,0.019719465599917944,474,37,2307
60.0,0.06364250688752968,342,13,7346
50.0,0.3483982118192215,498,23,46916
40.0,0.39959675483654167,491,20,24972
50.0,0.7019343876617435,697,17,32223
55.0,0.08226528362530382,556,33,6194
60.0,0.038840106816065506,414,35,5047
30.0,0.3844315222432307,362,3,21552
50.0,0.31922301882136833,337,18,46574
30.0,0.10272941577437587,458,9,3617
50.0,0.3215326835375123,557,33,35957
35.0,0.8394643315135749,374,27,45823
90.0,0.030940370199167955,783,18,3079
55.0,0.16797276643045714,405,35,24178
50.0,0.2840316794151493,506,40,33568
35.0,0.913009079606676,402,33,48468
55.0,0.48048694424841215,730,6,27234
45.0,0.16964686388898478,464,40,9829
50.0,0.22556377869016797,564,9,25876
80.0,0.33614243528416254,792,8,38930
30.0,1.0622437087236154,643,3,49218
45.0,0.30108294656670237,594,32,12650
45.0,0.3967013023274366,478,9,39782
55.0,0.16249093852096802,317,31,16363
40.0,0.16324871427135954,565,1,17871
40.0,0.18771599120326735,366,0,20315
40.0,0.35272161741835145,364,27,24948
45.0,0.2598165663513901,442,24,21756
50.0,0.2701747986599729,457,30,28146
25.0,0.8499751614505713,337,24,39353
50.0,0.04647981257588454,491,39,2718
70.0,0.1280703183430463,607,33,17295
80.0,0.38072962349348666,801,34,23440
70.0,0.033357619914996965,657,26,2747
85.0,0.3312415918066224,761,13,38164
35.0,0.37198673545984057,388,1,39149
30.0,0.6733253376850632,342,6,34246
55.0,0.22433448289223853,465,13,28947
55.0,0.23563077300764107,310,24,30714
45.0,0.29029925159706776,370,13,26493
85.0,0.02118189980594522,670,23,2194
50.0,0.16566680178354276,628,29,8174
50.0,0.3630373665015798,446,13,41709
55.0,0.37783602687173434,621,18,21766
25.0,0.7105130592742982,510,4,46545
65.0,0.27843673668783586,594,28,28498
55.0,0.09747076795846638,576,7,12729
75.0,0.36204421475739307,691,15,41613
40.0,0.3106232835603732,524,14,17079
40.0,0.7336696760488582,648,22,35919
60.0,0.009033602653574915,507,39,1231
25.0,0.48560697115384616,531,25,16161
25.0,0.9493759579592731,351,15,43358
60.0,0.4214546817883588,760,15,17986
65.0,0.2947895367693718,617,24,37629
35.0,0.5898623022516828,407,39,34527
75.0,0.415929326077625,801,21,30038
90.0,0.10938719043827265,795,15,13600
70.0,0.6585308613001642,773,14,47702
50.0,0.2965215344787009,518,36,31498
75.0,0.22055652069729828,772,0,29454
55.0,0.11717379277641667,367,36,14826
85.0,0.3192912407886142,841,9,34706
80.0,0.35110687931444895,796,36,32450
65.0,0.2591632274198745,731,13,16892
35.0,0.5703860277100626,355,29,36969
80.0,0.061890164492797176,706,23,6178
65.0,0.3995044644944135,645,19,42729
60.0,0.09872221131252666,337,14,14579
20.0,1.1666959291680252,418,8,46515
50.0,0.0536544240039776,345,8,4964
75.0,0.28682096403978574,791,12,14995
65.0,1.1891570413497354,808,40,37990
20.0,0.4610434730068578,392,8,15261
50.0,0.5471774739407066,697,11,24252
50.0,0.2373902853179633,652,25,9926
50.0,0.1120075027984228,574,24,11107
95.0,0.17184559110763878,832,38,24195
40.0,0.03466761972837741,453,21,1455
95.0,0.07318590334827653,811,21,6824
60.0,0.10174087444845567,641,37,6341
25.0,0.8834695213361204,486,32,41842
90.0,0.04315841098577734,840,21,3168
50.0,0.4170794154805961,601,9,37304
60.0,0.17781014166556336,653,37,9401
75.0,0.06051560914580686,690,3,6143
55.0,0.24823167903525045,348,23,34252
50.0,0.254151609466714,512,25,36501
70.0,0.2054322182566088,656,17,23772
50.0,0.10115076026025432,548,32,8535
20.0,0.11590221287373098,417,0,5400
75.0,0.43300570211444167,773,35,39032
35.0,0.6548631333721607,422,15,44976
40.0,0.9864373749078268,628,32,37457
40.0,0.30095804906372475,309,26,20733
70.0,0.01871622512191907,615,10,1420
65.0,0.35325953761947554,748,12,17297
25.0,0.9373519055738867,409,22,42328
40.0,0.31194541165899137,458,10,22218
85.0,0.273948572189901,830,24,24674
30.0,0.6460830811029815,599,2,27109
65.0,0.33247913515935695,630,14,47486
60.0,0.09896148961074538,371,11,11921
65.0,0.36876357950738115,728,7,36321
55.0,0.15827766844979074,389,29,22842
85.0,0.2599669765752927,775,37,37944
75.0,0.5407946975304488,843,27,32147
75.0,0.29942691196688137,787,35,19384
40.0,0.2941798738267426,514,12,15295
55.0,0.21715258043013017,499,35,24758
50.0,0.22054340328000177,300,29,19822
50.0,0.07928954714415887,506,21,5482
85.0,0.32664926916992304,748,28,48316
65.0,0.280944993859479,749,15,8693
80.0,0.4653577710945923,806,34,41005
50.0,0.9465887172145002,675,2,47603
90.0,0.2324182886522218,787,23,30378
80.0,0.04480125082686872,807,24,2235
60.0,0.7737630593337276,726,19,39253
50.0,0.31051755348925125,493,39,42712
40.0,0.5112974111658842,443,24,47815
45.0,0.5045632657110263,727,9,20345
35.0,0.5257470563910592,403,5,48313
55.0,0.07124284391076789,557,29,6384
40.0,0.20586785009861933,427,2,17535
65.0,0.5235851290551741,687,33,44222
65.0,0.02501073934418405,645,36,1572
35.0,0.50761612898356,665,1,33625
55.0,0.20955970968692253,366,38,31299
50.0,0.20228654507005023,605,34,9183
90.0,0.06505422231147706,793,21,5183
55.0,0.25870855473726734,598,13,16651
55.0,0.14171978471688285,403,35,17142
40.0,0.47606428363497655,321,33,47426
75.0,0.25520448711186133,715,32,29029
50.0,0.4936192997590505,692,28,16594
55.0,0.3463850017940438,729,28,15446
65.0,0.47298237092803763,690,23,42847
40.0,0.18169653246451012,486,9,12492
50.0,0.6781733798570412,606,25,40038
75.0,0.36880539258519535,707,37,47272
85.0,0.07760277163153605,794,14,5331
60.0,0.46465042505034665,722,24,26072
90.0,0.11232386272611394,790,35,16126
90.0,0.31760559532266,832,36,34875
60.0,0.3669011707438398,589,6,41305
60.0,0.01630976471654233,364,28,2160
55.0,0.26523276711693433,584,39,13725
100.0,0.09710466638985595,825,11,12161
65.0,0.223763160386698,628,7,25993
30.0,0.30957301075019156,377,11,13333
30.0,0.4695607573836356,492,6,32958
90.0,0.012251579148213981,841,9,1220
55.0,0.30936297847237804,661,4,37234
50.0,0.28339478560332404,484,38,30283
85.0,0.08170650730411687,703,10,9844
45.0,0.1212621097147656,380,3,16172
55.0,0.36764225873136763,725,13,13516
60.0,0.7561823942892523,782,2,41525
35.0,0.2219000421762969,376,30,8418
70.0,0.4455356480451072,705,14,48043
80.0,0.18052332559814355,699,38,27072
50.0,0.3917422673048075,473,32,49356
45.0,0.18511630941894228,359,5,17022
20.0,1.1878677100588335,324,5,41592
85.0,0.31499522289092674,771,33,38574
45.0,0.4457983193277311,562,25,45623
85.0,0.20764212656763886,837,4,22981
65.0,0.33238382099827884,606,12,38623
60.0,0.7495207345373827,735,30,44571
50.0,0.32732044128512827,418,23,38541
35.0,0.40112290311537147,540,37,29292
75.0,0.7344146579559961,810,15,48901
50.0,0.4966886408964268,645,25,32624
55.0,0.10023826566130978,346,15,10223
30.0,0.2736879495604298,500,14,9246
35.0,0.6965119874997966,540,22,42793
65.0,0.3781406322207178,654,37,46641
45.0,0.511077862229936,647,2,42698
45.0,0.1961954702666518,352,13,14068
30.0,0.360430407780078,537,19,14973
55.0,0.18037004739991194,462,35,20891
65.0,0.34328077637051485,600,25,43827
35.0,0.5299593512853595,462,40,38200
75.0,0.44924252521213737,755,36,40448
65.0,0.33077080287380717,638,37,42080
60.0,0.23927479206958643,591,3,25115
50.0,0.3116312148445077,447,14,33740
35.0,0.42226548785547857,466,25,26460
55.0,0.350454077333583,643,17,18716
55.0,0.2216063740288019,336,39,31346
20.0,0.8835495859685727,361,8,40653
60.0,0.4492005666869055,740,36,22195
45.0,0.41723189420990586,314,27,48842
70.0,0.18548911164880746,620,39,26831
70.0,0.052205154823117224,581,9,6437
50.0,0.26465269503048994,397,10,37758
90.0,0.09814026140475014,760,5,14702
25.0,1.1213920729181053,478,24,48720
60.0,0.13487896999786209,701,34,5678
55.0,0.22194768521958833,361,23,23894
40.0,0.29119214975549623,572,2,35669
30.0,0.37508717428517085,336,4,23665
50.0,0.3011914060746447,352,37,33547
50.0,0.5520038167938931,644,32,33553
55.0,0.10605741928699128,429,38,14119
60.0,0.2989939468963419,636,16,28501
95.0,0.16179815733058406,833,38,19774
55.0,0.4109714285714286,639,8,48546
70.0,0.4602194119137162,795,21,23618
40.0,0.8240680552807845,650,38,29158
65.0,0.32422273332886736,599,24,43559
75.0,0.7259753042233357,808,25,48681
85.0,0.2849592776203966,781,35,32189
65.0,0.4436965377900273,685,22,40407
40.0,0.2666648466151592,361,2,29303
35.0,0.4896411940528267,364,6,38169
70.0,0.19603469297273332,773,3,14149
55.0,0.08177186703964744,421,8,10465
75.0,0.060196883022376746,602,13,8934
50.0,0.3803913262199158,352,15,43101
65.0,0.3066250457530784,632,30,44399
60.0,0.32554655680913813,650,36,27816
50.0,0.35763632835241604,372,38,36858
60.0,0.027436439252210662,529,17,4077
75.0,0.2910956557489379,692,37,33986
55.0,0.15619668751777083,545,35,17579
95.0,0.20453096473179355,818,28,28231
60.0,0.8557351271075391,736,28,48978
50.0,0.3983320855894284,313,35,45758
30.0,0.3004201680672269,557,17,13585
40.0,0.09845294560929119,418,10,4442
60.0,0.05683173217539991,535,28,7578
50.0,0.6157994387530852,646,28,36427
45.0,0.2431945116319979,340,2,27650
40.0,1.1511509241410591,645,27,40608
80.0,0.20132504498609521,717,27,24614
55.0,0.058727156774349615,344,19,5341
50.0,0.27445871165314567,400,31,30651
30.0,0.8413853115210581,315,9,48346
50.0,0.12714630201725757,516,5,13129
55.0,0.10239312661344177,367,25,10273
25.0,0.4260470879801735,468,40,17191
95.0,0.0468070297546546,823,6,5918
30.0,0.3736855254491358,576,35,16453
35.0,0.23346166538334617,395,0,21224
70.0,0.37364366007968675,734,26,32541
65.0,0.4845605700712589,711,20,43860
85.0,0.08720969782724045,728,26,12820
85.0,0.14838832172223926,827,20,10160
55.0,0.1258100289940275,383,28,18832
95.0,0.08910337521702028,803,7,12112
70.0,0.15484441822740008,658,14,21000
60.0,0.07263904497517917,341,25,9760
60.0,0.8558555562944736,759,24,25739
60.0,0.3199075971533962,626,7,34344
75.0,0.0453925560189932,629,29,4560
75.0,0.46563017098731385,817,40,27014
95.0,0.09286714592475026,796,12,9947
45.0,0.1373753332675027,300,38,6956
70.0,0.34462322464964845,715,6,36518
35.0,0.676826734730219,422,24,45610
55.0,0.15955967188759462,366,30,20191
50.0,0.2940743171301722,307,16,43915
70.0,0.820536406760096,746,20,45493
70.0,0.5014719238357709,740,13,32025
50.0,0.7156494960806271,718,19,25563
30.0,0.43137587776834635,312,6,27951
90.0,0.08975648377985107,795,17,8389
95.0,0.007958050586057988,767,16,1032
55.0,0.18874778022924177,575,12,28060
40.0,0.30088185890257557,596,1,17196
25.0,0.4625439485774681,326,36,21444
55.0,0.08074564392095786,338,23,6636
80.0,0.02505133470225873,843,38,1037
50.0,0.2694222345824932,484,32,38751
50.0,0.2922921841811571,332,11,40595
55.0,0.15821413722930144,535,26,21691
85.0,0.275313784177882,785,35,39461
45.0,0.2921216353478923,581,40,9203
70.0,0.1704388351246488,733,9,15287
65.0,0.34138389946319636,605,38,38221
45.0,0.2005332570564619,326,7,19630
35.0,0.5149273875722076,456,40,38152
85.0,0.3309057806099226,764,21,34896
60.0,0.04555520680756086,322,12,5225
25.0,0.39664620780359494,431,1,28952
40.0,0.4048595186806569,440,18,34958
85.0,0.1604072591994322,838,8,13108
70.0,0.1625779862841877,599,36,19961
70.0,0.22581572199133434,665,35,30645
35.0,0.22164566345441067,465,22,10166
95.0,0.015311637963170059,785,20,1643
80.0,0.26783477413667783,810,33,17319
65.0,0.3064522850395888,643,28,44123
55.0,0.1823634561458501,304,15,21526
40.0,1.2438207170287894,635,17,48259
70.0,0.3295474381203961,699,23,28319
25.0,0.8395398304323077,322,14,28023
90.0,0.18251334813364845,750,27,22937
55.0,0.24670522423437943,566,10,26020
80.0,0.41256538483646604,821,31,35887
40.0,0.6176869342905471,401,21,47838
60.0,1.1832186077495281,789,39,42629
75.0,0.816807446991898,816,30,47383
45.0,0.07580615777008562,320,7,4161
40.0,0.44699675706161585,450,28,38043
70.0,0.09553514777091335,665,9,14304
50.0,0.09977336032248577,537,15,5767
50.0,0.028299178366850315,326,4,4140
45.0,0.12272737945230139,329,3,15681
40.0,0.6488972153623436,612,31,22860
80.0,0.24895149229468755,715,13,30629
35.0,0.5492795465381152,553,9,41475
90.0,0.06389125758867775,790,32,5020
55.0,0.19465447772822725,335,40,26233
40.0,1.0367032555818885,582,19,33245
50.0,0.22232753282531498,349,37,17593
50.0,0.33003540123981634,431,24,42698
90.0,0.3295171926896972,813,30,41073
60.0,0.01148867917490395,345,21,1232
35.0,0.13844189534271006,534,29,6831
50.0,0.39332515831472603,471,21,42981
55.0,0.2175372951992684,354,39,31162
30.0,0.581531268264173,372,7,42785
100.0,0.022715977643379796,811,25,2971
70.0,0.018290083829550885,600,39,1416
55.0,0.032327321115074525,424,40,2891
70.0,0.1863168921610576,767,2,12628
60.0,0.6526499847214206,686,10,38445
60.0,0.09254694917865196,390,12,13217
10.0,0.9467091844063317,486,0,32954
60.0,0.058936115182343304,452,23,6836
50.0,0.0939806141565529,340,12,5769
100.0,0.07856565696379654,819,40,7973
75.0,0.2742949249859319,725,25,28759
95.0,0.08206742694435883,793,40,11183
35.0,0.7099752933909821,527,34,45978
40.0,0.47780741250585523,495,8,49982
65.0,0.8745317905284504,838,32,36656
55.0,0.09062383264848711,596,33,3639
65.0,0.22977649726375368,716,6,13478
50.0,0.330587470192933,499,21,35075
85.0,0.25785714285714284,822,17,23104
25.0,0.693828099967959,496,17,34647
55.0,0.2061101686777838,498,40,25758
50.0,0.10558153086282726,488,6,15220
80.0,0.34547153601519287,850,24,22921
80.0,0.5405429560942911,835,36,48384
75.0,0.4466479382915913,746,27,37522
35.0,0.21577208563950745,546,30,10058
40.0,0.2128849835284886,354,0,31471
60.0,0.04421147692247286,468,13,4504
55.0,0.18577976776643454,372,21,26223
50.0,0.7663683225194265,718,40,29883
50.0,0.3457811771889512,346,36,43038
45.0,0.4540721423029827,350,10,48578
80.0,0.1820246205330465,766,38,10661
55.0,0.14069759513767813,488,35,14445
45.0,0.37010658716870176,336,6,45314
45.0,0.21002979827801657,436,17,15295
95.0,0.2459333537538893,833,26,30510
50.0,0.16630814448798772,374,24,15617
55.0,0.22127653723462765,481,39,32186
40.0,0.4439883612179154,328,28,34180
80.0,0.03049163478558785,762,0,3738
55.0,0.1692681369839552,322,24,21743
55.0,0.06178436769910481,483,6,8013
50.0,0.0821886106289776,400,25,4972
35.0,0.4832521430459575,540,34,25594
65.0,0.37404291653252336,674,14,26722
90.0,0.1768209489642563,752,38,25531
80.0,0.1973519708282688,709,27,22731
80.0,0.20512216066948424,741,11,12182
55.0,0.18533743104501343,381,39,19117
35.0,0.15586817251172314,546,38,4720
70.0,0.08002073171860394,704,0,8646
55.0,0.10559652243773672,464,35,14721
60.0,0.07805240532525887,372,37,11239
75.0,0.03586171119427873,587,30,4839
85.0,0.39705207200676573,782,26,49296
50.0,0.07923459624952162,526,39,5176
45.0,0.34932615459447675,318,5,41654
55.0,0.4535546917571839,658,23,37455
50.0,0.8226469422246333,795,4,39427
50.0,0.3768506776268545,325,14,49329
85.0,0.1946074928542262,839,6,15251
100.0,0.0692445973783494,828,10,8975
55.0,0.22150712887700164,393,22,31802
70.0,0.6216940874359588,748,9,49388
40.0,0.47435117961923157,376,36,39790
60.0,0.06904506944663161,469,18,8769
20.0,0.7861915367483296,306,8,33888
50.0,0.28183863206002535,543,20,39591
90.0,0.19150076137837685,798,29,27164
45.0,0.3081534221405604,481,38,26834
70.0,0.24340890549186311,721,6,22675
50.0,0.8903606766677306,723,22,27895
45.0,0.4743978852555316,495,23,48455
35.0,0.39479410702545537,477,0,42635
50.0,0.2051807633294975,579,20,17117
60.0,0.09827613379663332,392,16,13095
45.0,0.31391332289030804,304,18,31262
91.14818264153132,0.0919111015892625,764,12,9958
95.44129674916117,0.024165058777173547,832,26,2243
70.6776947156564,0.06779313405070636,587,22,8362
60.0,0.5964766674220938,799,7,26274
86.39269416743656,0.14071567851404937,796,10,13671
94.93047869468809,0.20539094458952883,818,27,28229
87.44626348711218,0.1734116109130372,793,21,14237
71.26116504723169,0.31153134133485744,704,31,32452
80.5578437905854,0.016730632615902637,685,27,1527
62.39730734667366,0.15019095678231453,614,23,8556
70.0,0.4411788354835204,742,15,36504
74.14364555868778,0.04777747048058072,600,38,5113
61.61601466010378,0.23829205524231029,593,12,21948
82.40604689128317,0.43206856842418323,765,33,49109
87.96981041104823,0.08502100538106726,730,10,9874
89.09111192862119,0.1278041065343304,790,11,12211
69.71782082720961,0.08157654031738838,735,2,7089
80.37552705057888,0.18411910490997452,700,38,25966
75.0,0.5210966260202623,760,30,37529
72.56878735269036,0.09313085662443471,563,29,10630
75.48682535274845,0.4012858703646808,722,26,46688
70.0,0.5705701817666706,755,30,45141
60.55330421031799,0.7555714069442971,723,19,39246
79.14346500969845,0.24997812238224498,758,7,27714
67.54018534843293,0.07937284078816212,476,24,9318
61.02957502499979,0.513405469034142,686,36,32141
86.39323232118306,0.11682658648456037,823,7,14301
74.08265885966654,0.15598979889195252,685,8,15367
64.79123781333945,0.18264232130934668,657,33,12648
60.0,0.04309780653656544,450,14,4509
70.0,0.5163530449715465,737,13,34443
70.071747729447,0.37241437408964284,733,26,32540
80.0,0.19577288527586575,722,19,24891
86.63932226297061,0.2743121945500095,808,36,34719
86.19190192335641,0.06869828666543348,793,12,5287
69.752750879848,0.3977101994162842,795,27,19845
84.0767547708221,0.293035124643797,844,16,20002
69.19457831798132,0.11476068554294419,585,21,13708
95.0,0.08258856181010901,814,16,6873
60.0,0.08177480568983092,463,35,10224
62.32112657962621,0.1504220870448122,647,39,9539
82.7427557486398,0.3534310178272486,737,33,44503
70.0,0.18419460604952229,610,25,26860
73.39609967514131,0.24948789716483918,772,11,15088
70.0,0.18520005557946984,617,36,26837
60.40775141554764,0.08415202011996438,577,24,8779
65.90892943188241,0.5527556991510294,698,10,49570
78.06089095394294,0.19975105829764167,759,11,15789
64.91706085536072,0.47023204047386724,688,22,42843
67.31860412551079,0.4787262136109157,684,19,38507
82.26495775197938,0.02215224414570125,842,31,1078
73.87068023976376,0.40117462908762636,797,22,23214
65.0,0.3302628784720102,582,25,35835
88.45468869051233,0.05179341357579542,791,10,5203
79.19896980549194,0.09697127996964834,722,20,8332
94.36729988736735,0.1201710058449782,804,32,13798
99.31239527927004,0.01447133384899155,846,38,1488
69.88400473424612,0.42675228800515264,762,8,25719
61.13473521240589,0.5735459908331667,708,24,33933
60.75306381721437,0.08963606269897657,574,25,11807
60.0,0.012224706703906551,474,15,1702
83.5514593071211,0.19342736582229264,751,26,16724
88.19968092068358,0.22847784122180148,812,24,19523
71.82777799798784,0.1699937949535308,610,21,22791
60.0,0.05986115923973414,449,21,7474
74.70349421643994,0.18374147394743676,639,25,27073
77.58147709099548,0.3286635741468021,781,26,33923
61.862055356117985,0.2485646201340367,605,15,21944
85.0,0.3124974740815149,836,11,34699
69.0041805716333,0.2844415356310086,721,28,21958
60.0,0.07801696187173719,521,28,7648
89.91455313426948,0.23703035930199562,831,31,20279
65.0,0.31559648616981273,613,25,43793
85.88933518305359,0.2408570549321479,773,17,30167
75.51444870023711,0.3095692198268672,781,21,20369
73.30629636397676,0.46168320523040596,798,22,25809
75.59751091715248,0.47578686544220067,747,24,46694
89.63047469231432,0.009275523620841527,756,24,1057
69.15860035004951,0.6413862923213304,746,10,49353
64.19185642952694,0.37820970640933377,648,30,44426
82.97108377054158,0.32770315020981744,796,29,31753
60.0,0.06380319042512679,378,27,8837
60.0,0.06367589391777011,342,13,7348
62.5367885716508,0.182246518052942,691,36,9599
68.36498230891944,0.5086359570049874,754,23,37080
89.89876832307563,0.14751962271829466,777,10,21410
74.1959597429125,0.3971066544170255,795,17,26871
75.0,0.34009487534535965,719,24,39097
69.6215720346096,0.1139058060391846,648,32,9565
78.480387404974,0.3021861919718402,729,22,31814
85.0,0.3176784274314641,832,19,28163
75.0,0.038514527796873074,661,28,2926
60.0,0.35859446842244386,619,22,29337
78.37300150920366,0.33980893563981185,768,14,31086
86.19737107677037,0.2872062202858452,825,26,31088
87.0073420190557,0.06890929513393526,733,18,7913
64.2461170524709,0.14797190522999398,602,13,12692
63.28806446150172,0.36290082394648593,701,26,37747
78.63382793329058,0.499088483714183,786,34,45088
85.0,0.21405219965009734,760,6,24445
80.5157370458915,0.06378513358685832,708,12,6178
75.0,0.29047510830517553,708,22,39664
61.21994821689542,0.8363259802117387,774,20,43027
99.73010554752446,0.06548448088846187,821,24,7266
66.9654886233338,0.19153318985534382,727,7,8636
68.92046555177113,0.2799768969255068,693,24,19662
75.77846564993158,0.36851475454251004,705,30,48248
67.94811303541648,0.6131313830359372,743,15,47700
70.02637093105191,0.1318365720972618,660,10,14335
82.88451942313179,0.2748576900724222,791,30,21896
92.53741153090569,0.06259802670924397,787,11,5996
68.90485975596089,0.3744737751040343,838,10,15302
73.61226057630752,0.11534642501807042,685,22,11779
79.38455275118288,0.3437090215180822,724,24,43601
75.24315966431453,0.2758980115634079,706,13,39559
76.13680739767919,0.5355547574102488,770,33,39420
61.77110679407049,0.011776873566121768,399,17,1487
75.89312123470629,0.6054041865799248,796,22,47183
60.69107134496119,0.35556896974830876,636,24,29351
75.0,0.293804470747766,673,30,43813
85.0,0.12078794677334789,784,27,10258
90.0,0.16854952482152158,762,28,21208
74.28318562587725,0.482724923859705,812,8,45913
76.42276222475971,0.027060612431389467,692,22,2717
70.3334518095633,0.0829672972468981,705,0,8645
65.72760045821494,0.3247425277111589,621,37,45890
87.0601891093472,0.26113818624626883,765,24,30065
60.0,0.08905916255208826,509,30,11968
66.92548864300963,0.13564137963374195,604,14,14360
71.48863328483144,0.48035510026744,810,4,41149
76.58461002578139,0.33899274743213614,770,27,25865
72.45760879970861,0.0627708196410751,587,14,8952
67.78400631229175,0.42229162846185725,704,15,39781
74.04232161241171,0.5954803927323147,801,8,48767
66.51985101662514,0.4082442533806281,758,18,21097
90.70061170089365,0.2518657654985045,824,23,28213
60.0,0.7891173512178781,747,20,30013
65.0,0.41379147578659914,675,21,43827
74.90053850104263,0.31586726815506655,730,39,47002
62.80168030473048,0.06193804737694384,558,29,7601
77.77494478545606,0.32564922481054254,739,21,32612
64.38686535963977,0.05327655738008666,593,39,2953
63.70384308877102,1.0664139161242385,808,18,38642
71.51492129502365,0.23858254303126739,697,25,30636
75.95031832025782,0.1440261231659577,674,27,17281
66.79745575609877,0.22656893199438718,654,29,18397
80.87183688528987,0.24030624051273483,805,12,15061
64.04680577739256,0.47650544510827625,706,7,49884
90.25283486697953,0.1870702591982837,811,24,23580
73.00608477870156,0.82729520883566,796,26,42298
83.69860828834707,0.33988980051712836,836,10,34709
69.88657601139062,0.323141986931358,636,27,41614
80.0,0.08558187555504138,710,29,7218
62.01704821033225,0.48190229817024705,658,21,47694
68.24981965388882,0.6959841324943499,717,17,47974
66.49016561371148,0.13679794004156784,631,14,14389
63.9789633471805,0.05083360158002183,565,39,2962
76.09994658182434,0.3445015092569364,696,19,38167
76.62004843148465,0.14022608597970904,725,26,12406
65.0,0.42318705925981165,711,18,40322
88.59027090238696,0.23575787535223164,785,21,30400
71.3257978850574,0.23347675310145172,750,14,8660
65.1797113689837,0.25098928767982687,828,7,12361
75.6880396373508,0.18864618258657256,744,20,17614
74.14710730584846,0.3293566312683185,702,31,44388
68.59623756384853,0.6210470507430528,788,7,41606
68.86249890853516,0.03902337492401815,474,23,4921
99.389995001219,0.018160367314772292,834,26,2237
85.0,0.2737314251662508,829,23,24674
91.77399439340341,0.03434771222097914,758,30,3078
61.80095320705632,0.1551473674073699,635,22,8751
66.27060512651884,0.29627337772430185,624,12,31750
60.0,0.6157360143036381,704,17,43133
66.90019340704168,0.4815520886324295,793,10,26300
72.84178972503157,0.2937240548849651,762,24,18546
63.771095241809995,0.8738819465112427,733,20,48142
61.70694929987536,0.11073999349516872,422,16,13079
75.25840860584304,0.3996848536148907,798,22,25826
62.34322684215926,0.38816218728922386,629,18,47595
67.70317560805053,0.13133726420514352,614,24,14294
73.18714950749103,0.2526750496166769,733,13,30626
81.3695433313867,0.31002507430176685,784,27,21790
94.87926039731268,0.016126279042412827,844,30,1546
85.48901044903586,0.1631790021887857,825,24,11148
66.61478236470623,0.3381238963374403,804,10,15305
82.04813805231296,0.13383621490979766,713,27,15758
90.5208712058274,0.031987293916769396,763,29,2962
68.77942841411272,0.34777632575570566,680,14,34287
76.56912762684532,0.145128386753314,770,3,18992
79.87324628292271,0.33859799110795996,791,8,38932
69.62648414677925,0.0956541896467148,652,9,14314
60.0,0.2464780677852552,607,3,25078
84.35909721327943,0.25275935159445606,790,15,26447
78.1790588882854,0.15939777327339139,767,8,14156
73.46588640141691,0.6045505553100323,778,15,47648
71.56437042671087,0.18497547958474456,610,12,20650
71.24635652753108,0.09196648115700169,704,31,4713
72.7461333235306,0.10789246160405191,649,7,14250
72.85404077299938,0.2849547836958242,750,14,34041
75.0,0.037142039409010265,659,28,2921
79.40132206108115,0.3990174292082707,807,11,40351
75.0,0.0480401961871065,620,39,5111
67.62103083304231,0.9974977964769948,806,19,38649
67.771770262557,0.3251655320095762,713,22,21132
83.05860373117176,0.23582542186459798,792,28,22829
79.1960006242779,0.29296503736680335,728,26,43765
87.52269010498843,0.36316911359235143,811,30,41056
61.779863393256306,0.3999696674275809,629,19,47619
