income,credit_score,loan_amount,years_employed,points,loan_to_income
49973,464,22397,24,25.0,0.4481820182898765
70306,508,22644,5,35.0,0.32207777430091317
88446,798,17896,21,85.0,0.2023381498315356
70538,367,13343,29,45.0,0.18916045252204486
96562,763,8472,6,85.0,0.08773637662848739
134573,459,31799,9,50.0,0.2362955421964287
139022,360,24031,35,55.0,0.1728575333400469
36630,723,39648,14,50.0,1.0823914823914824
99827,739,14003,30,75.0,0.1402726717220792
129973,340,36378,34,50.0,0.27988890000230815
145528,584,41616,40,65.0,0.2859655873783739
52241,796,34516,17,70.0,0.6607071074443445
137795,546,39883,5,45.0,0.28943720744584345
79692,759,42654,12,75.0,0.53523565728053
111070,802,30371,1,75.0,0.27344017286395966
45915,431,22160,34,25.0,0.4826309484917783
102063,380,33819,22,50.0,0.33135416360483233
42156,775,4291,35,70.0,0.10178859474333428
74587,431,7336,25,50.0,0.09835494120959416
35943,303,23589,26,25.0,0.6562891244470411
108193,559,20304,29,55.0,0.18766463634431063
143224,411,11184,6,55.0,0.07808747137351282
73228,529,10836,17,45.0,0.14797618397334353
73540,359,8163,36,45.0,0.11100081588251291
111609,634,35889,29,65.0,0.32156008924011503
78629,693,4125,10,80.0,0.05246155998422974
146578,540,25191,23,55.0,0.1718607157963678
88743,700,7597,31,80.0,0.08560675208185434
112213,395,11820,36,55.0,0.10533538894780463
105392,681,3509,9,80.0,0.03329474722939123
38907,580,27074,21,40.0,0.6958644973912149
38968,617,1810,13,55.0,0.046448367891603365
70319,451,48772,17,35.0,0.6935821044099034
33248,465,45046,18,25.0,1.3548484119345525
68652,511,16918,18,45.0,0.2464312765833479
89186,441,13778,20,50.0,0.15448613011010698
76112,422,9276,20,50.0,0.1218730292200967
124156,774,43618,24,85.0,0.3513160862141177
124163,836,23140,27,95.0,0.18636791958957177
46547,336,46566,17,25.0,1.0004081895718306
107924,422,25720,2,45.0,0.2383158518957785
145970,708,9569,23,85.0,0.06555456600671371
65838,521,38154,11,35.0,0.5795133509523376
137031,640,13985,34,70.0,0.10205719873605243
131652,763,30090,24,90.0,0.22855710509525112
145885,801,46079,20,90.0,0.31585838160194674
45012,821,15741,1,55.0,0.3497067448680352
68254,343,40430,6,30.0,0.5923462361180297
128059,678,26304,23,80.0,0.20540532098485853
91592,313,3364,1,40.0,0.03672809852388855
95435,526,22827,10,50.0,0.23918897679048567
142424,652,43195,9,60.0,0.3032845587822277
33278,584,11189,13,45.0,0.33622813871025903
111057,683,31846,18,75.0,0.2867536490270762
131498,506,2136,17,60.0,0.01624359305844956
101643,780,2590,36,95.0,0.025481341558198794
37944,662,15071,11,45.0,0.39719059666877504
111205,499,12180,10,55.0,0.10952744930533699
111691,823,7264,24,100.0,0.06503657411966944
101200,393,10524,30,55.0,0.10399209486166008
85461,598,28119,24,60.0,0.3290272755993962
93653,462,5300,19,55.0,0.05659188707249101
117012,468,33209,27,50.0,0.2838084982736813
119687,409,1337,22,60.0,0.011170803846700142
40745,713,7025,22,60.0,0.1724137931034483
56365,633,25645,17,50.0,0.4549809278807771
62953,375,9213,20,45.0,0.14634727495115404
129775,428,7013,11,60.0,0.054039684068580236
145082,825,33589,29,95.0,0.23151734880963867
36590,475,17511,6,20.0,0.4785733807051107
71467,639,3482,5,60.0,0.048721787678229114
135150,776,41990,7,80.0,0.31069182389937106
148863,610,16382,13,70.0,0.11004749333279593
133262,420,29539,18,55.0,0.2216610886824451
113442,560,26874,16,55.0,0.2368963875813191
110173,336,24575,15,55.0,0.22305828106704909
39171,535,6667,26,35.0,0.1702024456868602
95909,817,31755,31,85.0,0.33109510056407637
70857,370,27813,31,40.0,0.39252296879630805
94178,349,36015,1,30.0,0.38241415192507805
119873,845,49454,36,85.0,0.4125532855605516
131276,611,22661,14,70.0,0.17262104268868644
136957,766,25458,3,80.0,0.18588316040801128
106569,529,44898,21,45.0,0.42130450693916616
90552,443,8811,26,55.0,0.09730320699708454
95597,710,39867,1,50.0,0.4170319152274653
30053,682,34588,36,50.0,1.150900076531461
58080,386,17263,35,40.0,0.2972279614325069
86179,555,25552,15,45.0,0.2964991471240093
148284,320,45708,0,35.0,0.308246338107955
41846,722,12470,0,40.0,0.29799741910815847
107992,406,26389,38,55.0,0.24436069338469515
30371,455,8573,13,30.0,0.2822758552566593
131072,601,36568,31,65.0,0.27899169921875
135717,743,44480,34,85.0,0.3277408136047805
146147,584,10496,23,75.0,0.07181810095314992
43710,451,39288,0,10.0,0.8988332189430336
37989,346,1633,8,35.0,0.042986127563241994
117404,573,37216,22,50.0,0.31699090320602363
83528,435,32057,22,45.0,0.3837874724643233
118647,468,45652,17,50.0,0.38477163350105775
148479,675,39152,15,75.0,0.26368712073761275
89598,833,28190,18,85.0,0.3146275586508627
97952,486,43456,36,40.0,0.44364586736360667
48758,832,12364,7,65.0,0.2535788998728414
39632,325,39936,36,25.0,1.0076705692369803
101228,534,3492,24,60.0,0.03449638439957324
91348,505,10101,15,50.0,0.1105771335989841
147868,685,25578,17,80.0,0.17297860253739822
43176,446,49041,12,25.0,1.1358393551973318
44371,342,21682,19,25.0,0.4886524982533637
58864,523,28862,6,30.0,0.49031666213645014
77795,318,25681,37,45.0,0.3301111896651456
141989,465,49008,12,50.0,0.3451534978061681
142513,485,3742,7,55.0,0.02625725372422165
116275,744,32679,17,85.0,0.2810492367232853
40561,324,35596,20,25.0,0.8775917753507063
123447,484,45676,35,50.0,0.37000494139185236
112155,512,30392,10,50.0,0.2709821229548393
94251,707,33442,34,70.0,0.35481851651441365
135458,813,41740,2,80.0,0.30813979240797884
128771,848,23535,26,95.0,0.1827663060782319
131677,468,17423,26,55.0,0.1323161979692733
106019,419,9600,1,45.0,0.09054980711004632
148119,483,1837,31,60.0,0.012402190130908257
120128,806,8766,14,100.0,0.07297216302610549
94032,307,36927,23,45.0,0.3927067381316999
37100,520,22482,9,20.0,0.6059838274932614
74020,753,49228,17,70.0,0.6650634963523372
39838,655,46676,25,40.0,1.1716451629097846
100539,386,3840,38,60.0,0.038194133619789336
98347,428,1022,32,55.0,0.010391776058242753
107397,380,6613,31,60.0,0.06157527677681872
148332,520,48700,28,50.0,0.3283175579106329
65774,377,24533,5,35.0,0.3729893270897315
84239,702,25311,19,70.0,0.30046652975462673
43173,442,14488,25,30.0,0.3355801079378315
33804,713,27591,37,50.0,0.8162051828186013
103792,829,17487,24,95.0,0.16848119315554186
146403,768,27494,11,90.0,0.18779669815509245
44621,821,27305,32,65.0,0.6119316017121983
37026,764,8486,1,55.0,0.22919029870901528
90931,737,48625,17,65.0,0.5347461261835897
73357,376,18283,21,45.0,0.2492332020120779
97449,781,4014,24,90.0,0.04119077671397346
79192,379,18702,7,45.0,0.23616021820385896
87954,660,11522,32,65.0,0.13100029560906837
103584,645,16574,31,70.0,0.160005406240346
77453,356,11378,1,35.0,0.14690199217590022
78566,665,12733,15,65.0,0.16206756103148945
76898,455,23399,25,45.0,0.3042861973003199
85392,418,26244,36,45.0,0.3073355817875211
82296,686,5847,28,80.0,0.07104841061533974
97715,769,29074,23,80.0,0.297538760681574
121988,400,42533,6,45.0,0.3486654425025412
107139,324,46222,10,45.0,0.43142086448445477
63681,519,15317,23,45.0,0.24052700177446962
148187,651,35717,38,70.0,0.24102654078967792
52431,535,40784,22,35.0,0.7778604260838053
135464,303,16648,19,55.0,0.12289612000236225
145097,586,27075,14,70.0,0.18659930942748645
74424,757,36497,20,70.0,0.49039288401590886
30772,449,10660,30,30.0,0.34641882230599247
36057,626,5222,40,50.0,0.14482624733061542
134247,710,39701,26,75.0,0.2957310032998875
120519,630,14353,5,65.0,0.11909325500543483
94260,635,23300,37,65.0,0.24718862720135795
88008,320,30459,37,45.0,0.3460935369511863
77472,543,20126,2,35.0,0.25978418009087156
146057,784,37272,33,85.0,0.2551880430242987
114886,785,24264,19,90.0,0.21120066848876276
64675,339,28799,31,35.0,0.44528797835330497
35273,515,35880,10,25.0,1.0172086298301817
74548,785,10077,21,80.0,0.13517465257283898
87433,652,47235,25,55.0,0.5402422426315007
89087,406,6099,23,55.0,0.0684611671736617
65697,424,24009,38,40.0,0.3654504771907393
109905,446,3748,13,60.0,0.034102179154724535
102641,615,18483,26,70.0,0.18007423933905553
70963,489,5890,6,45.0,0.08300100052139847
93483,617,14426,17,65.0,0.15431682765850477
143992,400,9828,23,60.0,0.06825379187732651
133547,622,1444,39,75.0,0.010812672692011051
100678,510,34931,38,50.0,0.3469576272869942
34067,442,2682,38,40.0,0.07872721401943229
105914,638,16368,0,55.0,0.1545404762354363
118117,346,40624,25,50.0,0.3439301709322113
32875,650,41422,23,40.0,1.2599847908745248
93624,443,9071,37,55.0,0.09688755020080321
51174,752,8617,13,80.0,0.16838628991284638
56896,479,5149,29,50.0,0.09049845331833521
104593,724,12461,35,80.0,0.11913799202623503
109730,496,34188,38,50.0,0.31156474984051763
143949,322,10205,4,50.0,0.07089316355097985
83516,717,41777,1,50.0,0.5002275013171129
64718,553,47374,28,35.0,0.7320065515003554
144344,823,26455,10,95.0,0.1832774483179072
99541,758,19708,34,85.0,0.19798876844717253
114246,835,43009,6,85.0,0.3764595697004709
66471,782,29926,27,70.0,0.45021137037204195
112149,383,7045,3,50.0,0.06281821505318817
103385,576,28069,14,50.0,0.27149973400396576
86333,324,20976,10,50.0,0.242966189058645
111399,480,34336,37,50.0,0.3082253880196411
83955,312,49906,33,40.0,0.5944374962777679
136724,550,31291,4,45.0,0.22886252596471723
139134,695,28693,25,80.0,0.2062256529676427
102255,482,27081,39,50.0,0.26483790523690776
74313,444,34477,24,35.0,0.4639430516867843
95230,825,15931,20,90.0,0.16728971962616823
138230,809,36307,34,90.0,0.2626564421616147
143254,607,34206,35,70.0,0.2387786728468315
64099,625,44671,30,50.0,0.6969063479929484
65018,841,1824,0,75.0,0.028053769725306838
80422,760,39694,8,70.0,0.4935714108079879
49080,305,26382,11,25.0,0.5375305623471882
138620,524,48872,17,50.0,0.3525609580147165
142743,423,28435,16,55.0,0.1992041641271376
71588,704,20834,5,60.0,0.2910264290104487
80968,532,48404,13,40.0,0.5978164213022429
62850,636,12615,34,60.0,0.2007159904534606
112502,797,19335,5,85.0,0.17186361131357664
105454,697,1515,25,85.0,0.014366453619587688
35075,514,22029,12,25.0,0.6280541696364932
79060,572,9643,6,45.0,0.12197065519858336
127880,791,5147,9,90.0,0.04024867062871442
140284,513,49068,39,50.0,0.34977616834421604
131250,682,8420,21,85.0,0.06415238095238095
102692,708,45151,21,70.0,0.43967397655124063
33390,643,36063,23,40.0,1.0800539083557952
78944,774,45535,37,75.0,0.5768012768544791
114109,370,14654,0,40.0,0.12842107108115924
39880,376,36851,5,20.0,0.9240471414242728
94332,409,10295,18,50.0,0.10913581817410847
77576,542,20776,9,40.0,0.2678147880787873
34722,532,49999,38,25.0,1.4399804158746616
60539,345,18387,35,40.0,0.30372156791489785
115841,323,33297,37,50.0,0.2874370904947298
64522,800,21777,30,80.0,0.3375127863364434
84165,747,3102,32,90.0,0.036856175369809306
112727,300,3044,39,60.0,0.027003291136994685
64671,698,23028,25,65.0,0.3560792318040544
131361,821,28795,35,95.0,0.21920509131325128
86387,612,1774,2,60.0,0.020535497239167932
138765,475,7606,27,60.0,0.054812092386408676
110694,374,35264,11,50.0,0.31857191898386544
102132,696,13116,23,80.0,0.1284220420632123
50374,398,30481,21,35.0,0.6050938976456108
77301,777,28558,26,80.0,0.36943894645606135
117026,520,44054,23,50.0,0.37644625980551333
113746,368,7652,17,60.0,0.06727269530357112
130197,565,33435,8,45.0,0.25680315214636285
126810,563,44477,31,50.0,0.3507373235549247
92031,745,21826,20,85.0,0.23715921808955678
53600,415,35377,17,35.0,0.6600186567164179
58785,321,4314,21,50.0,0.07338606787445777
52782,801,42289,25,75.0,0.8012011670645296
50006,626,29515,32,50.0,0.5902291724993001
140900,428,47871,28,50.0,0.3397515968772179
120111,590,30042,40,65.0,0.2501186402577616
59871,781,20087,2,65.0,0.33550466837032955
111560,552,35462,21,50.0,0.31787378988884907
104177,572,8785,26,60.0,0.0843276346986379
82565,466,38503,13,40.0,0.46633561436444015
74725,841,40630,23,75.0,0.5437269989963198
112345,696,22116,23,80.0,0.1968578930971561
40458,611,46857,25,40.0,1.1581640219486875
54920,740,4130,4,75.0,0.07520029133284778
85519,832,28070,23,85.0,0.32823115331096014
59256,373,40920,40,35.0,0.690562980963953
42240,553,16376,19,30.0,0.38768939393939394
93956,676,34367,10,70.0,0.36577759802460724
46728,617,39501,12,40.0,0.8453389830508474
121163,556,17197,6,50.0,0.14193276825433507
61285,516,28043,32,35.0,0.4575834217182018
31025,850,38676,16,65.0,1.246607574536664
129991,704,14246,5,75.0,0.10959220253709873
32757,477,37366,10,25.0,1.1407027505571328
40735,677,46642,3,40.0,1.145010433288327
125631,765,25710,1,75.0,0.2046469422355947
102102,826,19596,19,95.0,0.19192572133748603
129901,489,33980,39,50.0,0.2615838215256234
118777,625,40529,38,65.0,0.3412192596209704
68684,460,16349,2,35.0,0.23803214722497235
47224,804,36885,15,65.0,0.7810647128578688
69210,595,36909,30,50.0,0.5332899869960989
144142,430,32415,39,55.0,0.22488240762581344
82098,360,32047,15,45.0,0.3903505566518064
121521,473,11365,6,55.0,0.09352293019313535
138794,839,11197,37,100.0,0.08067351614623111
86498,654,42677,0,40.0,0.4933871303382737
106503,756,32903,2,75.0,0.308939654282039
61979,386,28164,23,35.0,0.4544119782506978
74608,385,10288,4,35.0,0.1378940596182715
133643,373,43066,27,50.0,0.322246582312579
69599,470,33974,31,35.0,0.4881391974022615
108172,457,45503,28,45.0,0.42065414340124985
60005,588,3611,7,60.0,0.06017831847346054
79695,584,13826,1,50.0,0.17348641696467784
60512,341,12481,30,45.0,0.20625661025912215
44408,667,37024,20,40.0,0.8337236533957846
66046,623,41191,4,40.0,0.6236713805529479
69321,587,10175,34,60.0,0.14678091775940913
43022,500,10198,22,35.0,0.23704151364418205
77052,750,6077,18,90.0,0.0788688158646109
136352,786,23191,11,90.0,0.170081846984276
144955,699,32102,16,80.0,0.2214618329826498
55825,482,26384,23,35.0,0.47261979399910437
109818,311,18141,23,55.0,0.16519149866142163
79735,364,42641,29,40.0,0.5347839719069417
109415,685,28991,10,75.0,0.26496367042910024
88028,717,45178,37,65.0,0.5132230653882855
81990,641,18907,9,60.0,0.2306012928405903
133819,756,40493,27,85.0,0.3025952966320179
142779,707,46013,13,75.0,0.32226728020227063
84040,337,10527,2,40.0,0.12526178010471203
60771,700,40440,10,60.0,0.665448980599299
33905,525,1471,4,30.0,0.04338593127857248
54356,426,30524,29,35.0,0.5615571418058724
53788,323,22300,39,35.0,0.4145906150070648
38392,604,41270,37,40.0,1.0749635340695978
68452,335,22159,19,40.0,0.3237158885058143
142960,597,45997,22,65.0,0.32174734191382204
94923,613,18243,28,65.0,0.19218735185360766
109129,464,21907,8,50.0,0.20074407352765994
98146,429,14510,9,45.0,0.14784097161371834
84987,748,36600,19,75.0,0.4306541000388295
145296,778,21412,10,90.0,0.14736813126307674
109516,650,12285,19,70.0,0.1121753898973666
70888,520,9795,38,45.0,0.13817571380205396
43947,391,43749,36,25.0,0.9954945730083965
146918,806,41809,22,90.0,0.28457370778257257
116374,805,13807,34,95.0,0.11864333957756887
70404,516,14356,34,45.0,0.20390886881427192
133931,621,42520,28,65.0,0.3174769097520365
46683,466,35972,19,25.0,0.7705588758220338
33794,732,24430,25,50.0,0.7229093921997988
92746,372,38299,5,35.0,0.41294503266987254
125448,838,17328,40,95.0,0.13812894585804478
143292,437,1760,4,50.0,0.012282611729894201
48726,813,10886,3,65.0,0.22341255182038336
94722,705,11835,29,75.0,0.1249445746500285
135909,543,7285,3,50.0,0.05360204254317227
67930,572,10321,4,35.0,0.1519358162814662
130072,395,16392,19,55.0,0.1260225106095086
100468,790,32393,13,85.0,0.3224210693952303
127912,720,24874,15,80.0,0.19446181749953093
94799,621,38736,5,50.0,0.4086119051888733
43006,408,16183,17,30.0,0.37629633074454727
82521,358,6020,3,45.0,0.07295112759176452
67752,729,12299,11,70.0,0.18152969654032353
39710,806,47219,22,65.0,1.189095945605641
85615,551,1573,20,55.0,0.01837294866553758
45129,542,18655,30,25.0,0.41337055995036454
44201,327,2926,37,40.0,0.0661975973394267
80432,420,18155,16,50.0,0.22571861945494331
98386,646,47363,5,50.0,0.4813997926534263
118188,600,13561,1,55.0,0.11474092124411954
32540,560,17214,38,25.0,0.5290104486785495
126276,454,19675,19,55.0,0.15580949665811397
148123,510,45126,31,50.0,0.3046522147134476
66265,582,39318,7,45.0,0.593344903040821
62591,660,38201,36,50.0,0.6103273633589493
37104,377,38047,5,20.0,1.0254150495903407
109354,632,48132,34,60.0,0.44014850851363463
110728,694,10658,22,85.0,0.09625388338992848
124481,535,12516,0,40.0,0.1005454647697239
89871,414,13438,37,50.0,0.14952543089539452
62527,357,35149,19,35.0,0.5621411550210309
101376,450,10393,10,55.0,0.10251933396464646
61571,706,16684,35,65.0,0.27097172370109307
129125,470,41911,22,50.0,0.32457696030977734
145557,620,43775,25,65.0,0.3007412903536072
100592,533,25365,25,50.0,0.25215722920311756
47342,806,26289,7,60.0,0.5552997338515483
105880,501,48507,12,45.0,0.4581318473743861
36868,750,17660,27,60.0,0.479006184224802
32719,743,8630,12,65.0,0.2637611173935634
117684,518,42161,9,45.0,0.3582560076136093
82923,592,28681,0,45.0,0.34587508893793034
80488,544,33062,24,40.0,0.41076930722592186
42224,451,38132,37,25.0,0.9030882910193255
147823,541,33850,17,55.0,0.2289900759692335
130518,373,35592,18,50.0,0.2726980186640923
108104,597,20657,10,70.0,0.19108451121142603
94942,835,17251,15,90.0,0.1817004065640075
59831,477,44424,4,25.0,0.7424913506376293
101810,478,33995,2,40.0,0.3339062960416462
54164,413,39192,30,35.0,0.7235802377963223
100702,558,46340,19,45.0,0.46016960934241624
59451,731,32230,29,60.0,0.5421271299053002
141153,656,27358,10,70.0,0.19381805558507434
116900,796,31235,4,75.0,0.2671941830624465
109997,691,32257,37,75.0,0.2932534523668827
112719,360,19174,8,50.0,0.17010441895332643
32671,608,45109,35,40.0,1.3807046004101498
39508,756,11434,11,65.0,0.28940973979953427
120266,567,3060,7,55.0,0.025443600019955766
68290,698,1722,37,75.0,0.02521599062820325
93092,359,17350,2,40.0,0.18637476904567524
89829,736,7091,2,70.0,0.0789388727471084
94038,724,3141,0,65.0,0.03340139092707203
109840,609,14055,24,70.0,0.12795884923525128
137715,533,28119,21,55.0,0.20418255092037904
92163,770,12251,13,85.0,0.13292753057083645
65992,466,10459,32,45.0,0.15848890774639351
90637,658,17820,6,60.0,0.19660844908812075
147821,397,17134,26,55.0,0.11591045927168671
73279,305,28379,2,30.0,0.3872732979434763
124276,840,2246,27,100.0,0.018072676944864655
118835,321,7518,8,55.0,0.0632641898430597
95612,688,26856,22,70.0,0.2808852445299753
142199,532,27360,8,50.0,0.1924064163601713
115909,390,29620,6,45.0,0.25554529846690077
58183,311,36896,5,30.0,0.6341371190897684
98021,728,40272,17,65.0,0.4108507360667612
47781,753,43078,26,60.0,0.9015717544630711
51805,704,35283,25,60.0,0.6810732554772705
128669,656,39305,39,65.0,0.3054737349322681
95338,370,22460,20,50.0,0.23558287356562965
94139,674,1972,21,80.0,0.020947747479790522
69446,596,37298,31,50.0,0.5370791694266048
42739,341,2930,10,40.0,0.06855565174664827
126289,550,4027,39,60.0,0.03188717940596568
84377,586,29309,13,60.0,0.34735769226210933
118696,670,15373,8,75.0,0.12951573768282
70492,402,24758,7,35.0,0.3512171593939738
114896,690,17741,7,75.0,0.15440920484612172
45860,698,1291,13,65.0,0.028150894025294373
110301,405,42314,27,50.0,0.3836229952584292
87963,845,22892,29,85.0,0.2602457851596694
107128,416,18556,34,55.0,0.17321335225151221
49313,778,18559,40,65.0,0.3763510636140571
82227,678,36971,3,55.0,0.4496211706617048
128567,737,6454,19,85.0,0.05019950687190337
73369,787,1280,0,70.0,0.01744606032520547
71347,594,40348,19,50.0,0.5655178213519839
102529,700,26285,6,70.0,0.2563664914316925
54957,726,48204,20,60.0,0.8771221136524919
108139,698,1650,35,85.0,0.015258139986498859
60735,686,32144,38,60.0,0.5292500205812135
62411,786,34745,26,70.0,0.5567127589687715
58305,371,11622,3,35.0,0.19933110367892976
38161,526,16352,31,25.0,0.4285003013547863
103975,499,26996,2,40.0,0.25963933637893727
72753,537,35053,21,35.0,0.48180831031022775
144100,337,27017,31,55.0,0.1874878556557946
90852,763,17727,37,85.0,0.1951195350680227
60340,455,7262,37,45.0,0.12035134239310573
147679,792,25327,35,90.0,0.17150034872933864
125817,389,16413,23,55.0,0.1304513698466821
137387,320,26807,35,55.0,0.19512035345411138
123525,446,10315,37,60.0,0.08350536328678405
114080,586,31470,33,65.0,0.27585904628331
64600,615,24971,26,55.0,0.3865479876160991
139070,835,7753,5,95.0,0.055748903429927374
133636,340,41961,30,50.0,0.3139947319584543
117806,658,37727,40,65.0,0.3202468465103645
64973,520,39230,22,35.0,0.6037892663106214
69608,405,20294,1,25.0,0.29154694862659464
81049,630,29347,26,60.0,0.3620896001184469
71104,731,43522,10,60.0,0.6120893339333934
78520,692,16306,26,75.0,0.20766683647478348
123718,687,7881,7,80.0,0.06370132074556653
133860,803,45024,36,90.0,0.3363514119229045
106622,616,31737,12,65.0,0.2976590197145054
37455,649,24812,3,30.0,0.662448271258844
127404,666,47852,10,65.0,0.37559260305798875
62018,538,6493,18,45.0,0.10469541100970686
133150,458,38435,2,40.0,0.28865940668419077
30221,461,2024,31,40.0,0.06697329671420535
31792,707,34482,12,50.0,1.0846124811273277
133369,395,2496,9,55.0,0.01871499373917477
87560,394,33105,22,45.0,0.37808359981726813
56772,346,46933,4,25.0,0.8266927358557035
78393,816,6903,14,95.0,0.08805633156021583
38326,621,43569,17,40.0,1.1368000834942338
89638,601,31393,7,55.0,0.35021977286418704
83264,343,17103,33,50.0,0.20540689853958494
75236,799,17608,38,85.0,0.23403689723004945
127973,409,23371,13,55.0,0.182624459846999
138348,559,33951,0,40.0,0.2454028970422413
77049,337,44667,35,40.0,0.5797219950940311
86148,452,16032,7,45.0,0.18609834238751916
147598,406,47294,3,40.0,0.32042439599452566
88287,432,21979,33,50.0,0.24894944895624496
128032,546,26994,31,55.0,0.21083791552111972
91669,596,12706,10,65.0,0.13860738090303157
63386,767,41057,10,70.0,0.6477297826018363
81856,451,16484,6,45.0,0.2013780297107115
43154,424,4680,8,30.0,0.10844881123418455
50181,731,4712,40,75.0,0.09390008170423068
84496,755,1613,14,90.0,0.019089661049043742
40500,408,4000,10,40.0,0.09876543209876543
82386,639,28591,22,60.0,0.3470371179569344
93532,725,36174,28,70.0,0.38675533507248855
47477,837,6503,18,75.0,0.13697158624175917
87424,412,11641,1,35.0,0.1331556551976574
90332,779,7374,29,90.0,0.08163220121330204
39305,511,14562,3,20.0,0.37048721536700163
33552,465,12179,1,15.0,0.3629887935145446
39329,454,3392,20,40.0,0.08624678990058227
98955,303,21646,15,50.0,0.2187458945985549
43238,807,19888,25,65.0,0.4599657708497155
50926,659,43040,32,50.0,0.8451478616031104
117881,846,18222,4,85.0,0.15457961842875442
119928,531,22394,39,55.0,0.18672870388900006
65093,326,40911,17,35.0,0.6285007604504325
55995,588,37145,17,50.0,0.6633628002500224
98765,810,45926,9,75.0,0.4650027843871817
102848,314,25265,23,55.0,0.24565378033602986
46505,658,32462,29,40.0,0.6980324696269218
106720,823,13650,10,95.0,0.1279047976011994
91993,502,10875,26,50.0,0.1182155163979868
96784,768,5116,7,85.0,0.05285997685567862
72237,343,13868,6,40.0,0.19197917964478037
60161,850,19918,10,80.0,0.3310782732999784
49555,353,44280,19,25.0,0.8935526183028958
62007,805,15990,28,80.0,0.25787411098746915
52838,745,12909,22,80.0,0.24431280517809154
61091,498,21338,32,40.0,0.34928221833003226
120921,819,5403,17,100.0,0.04468206514997395
30726,691,9532,27,55.0,0.3102258673436178
87654,333,49922,10,40.0,0.569534761676592
54931,433,23331,11,35.0,0.4247328466621762
49442,690,9572,40,60.0,0.1936005825007079
117416,330,21885,26,55.0,0.18638856714587448
33534,768,26209,11,60.0,0.7815649788274587
90952,426,18920,36,50.0,0.20802181370393175
89245,750,34216,23,80.0,0.38339402767662056
106931,589,21992,8,65.0,0.20566533559024044
104177,549,10012,7,55.0,0.09610566631790127
72247,829,7975,29,85.0,0.11038520630614419
116870,326,9921,0,45.0,0.08488919312056131
144867,356,1503,13,60.0,0.010375033651556256
89929,714,39668,13,65.0,0.4411035372349298
83269,492,29948,13,45.0,0.3596536526198225
66458,493,42708,1,20.0,0.6426314363959192
125561,762,21205,29,90.0,0.16888205732671768
67093,740,24085,0,60.0,0.3589793272025398
79941,396,47616,38,40.0,0.5956392839719293
84387,806,48753,7,75.0,0.5777311671228981
138864,388,44716,30,50.0,0.3220129047125245
42196,323,34947,32,25.0,0.828206465067779
138864,612,42656,5,60.0,0.30717824634174445
104000,546,48812,6,40.0,0.46934615384615386
79925,559,24725,17,45.0,0.30935251798561153
36629,838,15315,11,65.0,0.4181113325507112
124919,395,12234,6,55.0,0.09793546217949231
92781,609,33479,9,55.0,0.3608389648742738
102544,763,12215,38,90.0,0.11911959744109846
76438,543,28513,31,45.0,0.37302127214212827
50585,802,37551,39,75.0,0.7423346841949194
61850,422,1830,8,45.0,0.029587712206952305
42735,646,28232,0,25.0,0.6606294606294606
51079,473,35421,30,35.0,0.6934552360069696
91385,519,49065,1,25.0,0.5369043059583083
129061,682,17623,1,65.0,0.13654783396998318
146939,573,43006,21,50.0,0.29267927507332975
114323,554,24445,38,55.0,0.21382398992328752
50033,592,24394,3,40.0,0.48755821158035695
44208,422,6661,38,35.0,0.15067408613825553
72245,734,25358,3,55.0,0.3510000692089418
51643,634,2941,40,65.0,0.0569486668086672
136635,520,40209,31,50.0,0.29428038203974094
71505,804,27251,34,80.0,0.3811062163485071
87125,400,8771,4,40.0,0.10067144906743185
120027,513,19115,3,45.0,0.15925583410399327
92296,466,37959,15,40.0,0.41127459478200573
65614,633,6853,39,60.0,0.10444417349955802
139168,366,9351,16,60.0,0.06719217061393423
89459,721,45000,8,60.0,0.5030237315418237
71245,746,2228,29,85.0,0.031272369990876556
101582,586,9287,32,75.0,0.09142367742316553
66160,519,28491,30,35.0,0.4306378476420798
49536,379,48420,20,25.0,0.9774709302325582
132841,575,49033,7,45.0,0.36911044030081075
48894,632,27426,29,40.0,0.5609277211927844
84935,653,25640,7,55.0,0.3018779066344852
121411,442,31664,29,50.0,0.26080009224864303
46704,539,14086,23,30.0,0.3016015758821514
57869,596,8548,25,60.0,0.1477129378423681
48449,438,4462,33,40.0,0.09209684410410948
73719,497,2399,24,50.0,0.032542492437499154
79009,553,45586,38,40.0,0.5769722436684428
115813,428,14752,8,50.0,0.12737775551967395
85724,570,34880,20,40.0,0.4068872194484625
149732,504,42212,25,50.0,0.2819170250848182
61830,734,45370,32,60.0,0.7337861879346596
128038,395,25420,21,55.0,0.1985348099782877
42704,767,1522,23,75.0,0.03564068939677782
118452,313,17016,24,55.0,0.14365312531658395
38834,395,48902,29,25.0,1.2592573518051193
67762,824,49724,1,60.0,0.7338036067412415
38609,655,16001,3,30.0,0.4144370483566008
103563,592,28722,35,65.0,0.2773384316792677
38992,490,2918,20,40.0,0.07483586376692655
139278,670,39080,30,75.0,0.2805898993380146
121382,836,15750,11,95.0,0.1297556474600847
100381,399,4316,18,60.0,0.04299618453691435
84948,786,37787,0,60.0,0.4448250694542544
76357,326,24544,5,40.0,0.32143745825530073
63065,693,33083,19,60.0,0.5245857448664076
149016,823,40645,10,90.0,0.2727559456702636
127310,480,28624,31,55.0,0.22483701201790904
121917,479,8355,23,60.0,0.06853022958242083
95771,792,13675,11,85.0,0.14278852679830012
68829,504,20730,19,40.0,0.3011811881619666
45292,752,12397,13,65.0,0.2737127969619359
71904,387,13610,39,45.0,0.1892801513128616
127196,344,48823,29,50.0,0.38384068681405076
64816,495,26064,23,35.0,0.40212293260923226
59581,516,21519,32,40.0,0.361172185763918
39602,461,24738,38,25.0,0.6246654209383364
135840,405,38611,7,45.0,0.28423881036513543
62098,689,19217,29,65.0,0.30946246255918064
56071,618,46238,7,45.0,0.8246330545201619
72372,783,20897,23,75.0,0.2887442657381308
120573,823,37459,36,90.0,0.3106748608726663
132056,560,1197,13,60.0,0.009064336342157872
129458,573,11433,6,55.0,0.08831435677980504
103519,725,49896,6,65.0,0.48199847371014015
37592,640,20869,0,25.0,0.5551447116407746
93993,755,35001,22,80.0,0.37237879416552294
122124,834,35576,15,90.0,0.2913104713242278
127818,741,25263,23,90.0,0.1976482185607661
73064,681,44735,32,60.0,0.6122714332639877
67450,302,9016,35,45.0,0.1336693847294292
102384,838,40382,9,85.0,0.39441709642131584
65976,456,7461,34,45.0,0.11308657693706803
145042,508,37486,14,50.0,0.258449276761214
147899,337,23235,3,45.0,0.15710045368798978
103772,594,36046,29,65.0,0.3473576687353043
145655,568,15138,2,45.0,0.10393052075108991
96469,797,33863,33,80.0,0.3510246815039028
80604,416,44507,9,35.0,0.552168626867153
38981,743,39346,30,60.0,1.0093635360816808
132548,737,40901,20,75.0,0.30857500678999306
133952,560,17671,23,55.0,0.1319203893932155
59219,399,30177,11,35.0,0.5095830730002195
100010,458,20719,40,55.0,0.20716928307169283
50052,770,13125,11,75.0,0.26222728362502995
100697,435,34636,26,50.0,0.34396258081174214
83005,702,7743,37,80.0,0.0932835371363171
137665,432,19007,17,55.0,0.1380670468165474
86626,441,33764,12,45.0,0.38976750629141366
40328,370,34158,21,25.0,0.8470045625867884
33478,792,15008,25,60.0,0.4482944022940438
149871,454,29820,4,45.0,0.19897111515903676
51178,413,7308,33,45.0,0.14279573254132635
136824,797,34643,37,85.0,0.25319388411389815
69132,545,33162,12,35.0,0.4796910258635654
142108,630,40564,16,65.0,0.2854448729135587
36428,474,26615,31,25.0,0.730619303832217
105341,750,48936,40,80.0,0.4645484664090905
100804,688,8380,14,85.0,0.08313162176104123
83492,847,45686,17,80.0,0.5471901499544867
69251,613,16848,25,60.0,0.24328890557537075
127370,844,7621,17,100.0,0.059833555782366335
142193,383,32035,7,50.0,0.22529238429458553
63289,747,26354,20,70.0,0.41640727456588034
136568,802,47394,20,90.0,0.3470359088512682
39038,728,17185,20,50.0,0.4402121010297659
31658,342,39440,12,25.0,1.2458146440078337
69857,686,44142,37,60.0,0.6318908627625005
117835,431,10602,38,60.0,0.08997326770484151
135412,457,28200,6,50.0,0.20825333057631523
35817,364,14280,27,30.0,0.3986933579026719
42833,531,18600,36,25.0,0.43424462447178575
122349,789,8476,4,85.0,0.06927723152620782
123850,382,13178,4,45.0,0.10640290674202664
84459,559,24500,22,45.0,0.29008157804378454
113136,554,26218,28,55.0,0.23173879225003535
77012,799,45571,18,75.0,0.5917389497740612
141082,456,47295,13,50.0,0.33523057512652216
140580,817,6037,17,100.0,0.04294351970408308
142674,751,30918,0,75.0,0.21670381428991967
57549,630,21723,19,55.0,0.37746963457227756
116511,763,35816,18,85.0,0.3074044510818721
48289,524,45866,20,25.0,0.9498229410424734
99616,621,39483,29,60.0,0.39635199164792806
65400,603,7721,32,60.0,0.11805810397553516
115649,312,5041,14,60.0,0.04358879021867893
58221,518,34500,30,35.0,0.5925696913484825
78689,698,7246,29,80.0,0.09208402699233692
113227,322,44137,25,50.0,0.38980985100726856
100292,413,35491,23,50.0,0.35387668009412515
141536,443,9124,36,60.0,0.06446416459416686
139008,452,20653,24,55.0,0.14857418278084714
149619,716,43787,30,75.0,0.2926566813038451
59015,821,37063,11,75.0,0.628026772854359
60217,825,14305,25,85.0,0.23755750037364864
36582,632,48942,36,40.0,1.3378710841397408
86450,340,20024,38,50.0,0.23162521688837479
37355,384,17081,40,25.0,0.45726141078838173
60162,645,1179,6,60.0,0.01959708786277052
36658,619,33662,23,40.0,0.918271591467074
72487,774,45138,34,70.0,0.6227047608536703
64237,842,45752,2,65.0,0.7122374955243863
115461,385,24246,38,55.0,0.20999298464416558
47146,464,5513,33,35.0,0.11693462860051754
40589,351,22422,27,25.0,0.5524156791248861
50866,491,40006,7,30.0,0.7864978571147722
130238,683,38574,30,75.0,0.29618083815783414
117580,537,15132,9,50.0,0.1286953563531213
121715,462,28617,30,55.0,0.23511481740130633
35695,634,23118,24,40.0,0.6476537330158285
122662,395,15565,26,55.0,0.1268934144233748
113320,416,31241,7,45.0,0.2756883162725026
122901,440,22075,13,55.0,0.17961611378263806
97839,468,49528,15,40.0,0.5062194012612558
32260,795,41239,38,60.0,1.2783323000619964
88082,744,11295,3,75.0,0.12823278308848574
85771,805,41129,3,70.0,0.47952105023842556
122801,354,46978,13,50.0,0.3825538879976547
147050,319,8882,34,60.0,0.06040122407344441
98937,603,40423,26,55.0,0.4085731323973842
62087,793,20342,21,75.0,0.3276370254642679
121506,482,39049,16,50.0,0.3213750761279278
60021,601,30734,32,50.0,0.5120541143932957
30425,332,38523,7,20.0,1.266162695152013
79797,624,30004,39,60.0,0.3760041104302167
39862,684,37060,16,50.0,0.9297074908434098
68427,574,22122,15,40.0,0.32329343680126266
118395,400,29768,34,50.0,0.25142953672030066
79808,467,47783,15,40.0,0.5987244386527666
99352,432,41104,5,35.0,0.41372091150656254
124098,307,33596,27,50.0,0.27072152653548004
58760,742,27801,23,70.0,0.4731279782164738
141193,617,45889,38,65.0,0.32500903019271493
38675,446,38114,25,25.0,0.9854945054945055
116673,512,41993,13,50.0,0.3599204614606636
42463,765,42357,33,60.0,0.9975037091114617
40527,602,49065,3,30.0,1.2106743652379894
86057,536,35842,24,40.0,0.4164913952380399
67512,760,9709,20,80.0,0.14381147055338311
109593,827,43604,21,90.0,0.39787212686941686
94686,739,1102,39,80.0,0.011638468200156305
125932,473,10172,34,60.0,0.08077375091319125
64179,717,26430,28,60.0,0.41181694946945263
73515,366,11092,36,45.0,0.15088077263143576
38418,588,3980,10,50.0,0.10359727211203082
69824,778,49865,15,70.0,0.7141527268560953
76566,807,3426,8,90.0,0.04474570958388841
143441,330,34287,40,55.0,0.2390320759057731
116356,330,7527,3,50.0,0.06468940149197291
89048,412,41193,39,40.0,0.46259320815739824
119593,667,25565,27,70.0,0.21376669203047002
62271,355,1849,16,50.0,0.029692794398676753
77400,795,19120,37,85.0,0.2470284237726098
94569,736,7439,9,75.0,0.07866214087068701
104531,821,6491,9,95.0,0.062096411590819946
148872,580,42162,34,65.0,0.2832097372239239
133089,760,14167,17,90.0,0.10644756516316149
134708,584,14255,11,70.0,0.10582148053567716
67700,752,40751,13,70.0,0.6019350073855244
39545,543,40309,7,20.0,1.0193197622961183
51465,427,14596,7,35.0,0.2836102205382299
132769,485,20253,6,50.0,0.15254313883511963
44662,522,4699,8,30.0,0.10521248488648068
137577,607,45392,25,65.0,0.32993887059610255
100686,606,32734,4,55.0,0.32510974713465624
67268,717,38243,34,60.0,0.5685169768686448
103000,667,4968,25,75.0,0.04823300970873787
106435,442,46110,18,45.0,0.4332221543665148
124297,344,4540,23,60.0,0.036525418956209726
93699,349,1418,26,55.0,0.015133565993233653
39150,358,23780,30,25.0,0.6074074074074074
120023,318,49124,3,35.0,0.4092882197578797
77819,724,23274,32,70.0,0.2990786311826161
88878,651,14342,40,65.0,0.16136726749026756
30336,481,29881,11,25.0,0.9850013185654009
148349,350,3056,16,60.0,0.020600071453127422
117782,748,25996,25,90.0,0.22071284236980185
69829,438,24421,10,40.0,0.3497257586389609
50253,849,12953,6,75.0,0.2577557558752711
144581,743,45931,14,85.0,0.3176835130480492
113810,389,39698,27,50.0,0.348809419207451
45194,702,28336,0,35.0,0.626985883081825
83271,529,34263,18,40.0,0.4114637749036279
114659,604,13702,34,70.0,0.11950217601758258
89049,536,30872,20,45.0,0.3466855326842525
131327,570,41963,37,50.0,0.31953063726423353
48643,580,41977,3,30.0,0.8629607548876509
117900,722,14104,24,80.0,0.11962680237489398
149111,731,47006,40,75.0,0.31524166560481787
126180,313,43236,2,40.0,0.3426533523537803
121272,818,5349,22,100.0,0.04410746091430833
46540,601,12864,28,45.0,0.27640739149119037
45043,583,49317,39,40.0,1.0948871078746976
72516,561,46916,30,35.0,0.6469744608086492
61300,422,15714,40,40.0,0.2563458401305057
37665,569,35284,12,25.0,0.9367848134873225
127853,760,15786,39,90.0,0.12346992248910858
67828,723,15808,12,70.0,0.2330600931768591
115394,701,15752,25,80.0,0.13650623082655944
39358,461,5840,28,35.0,0.14838152345139488
124339,341,24958,23,55.0,0.20072543610612922
82757,767,39900,36,75.0,0.4821344417994852
63972,670,2950,28,75.0,0.046113924842118424
90217,456,16633,8,45.0,0.18436658279481694
60311,353,14274,15,45.0,0.23667324368688963
73687,443,10700,33,45.0,0.14520878852443445
50032,789,11039,29,80.0,0.22063879117364887
114259,772,30616,2,75.0,0.2679526339281807
66655,519,44885,16,35.0,0.6733928437476558
60982,786,18601,23,75.0,0.3050244334393756
42217,455,36443,39,25.0,0.8632304521875074
71359,498,20267,12,40.0,0.28401463024986334
142125,699,25965,39,80.0,0.18269129287598945
83841,551,15218,12,50.0,0.18151023962023355
111226,340,25216,17,55.0,0.22670958229191016
60595,407,28898,4,25.0,0.476904034986385
43434,446,18359,8,20.0,0.422687295666989
123872,602,42552,9,60.0,0.34351588736760524
52810,734,48749,26,60.0,0.9231016852868775
46483,384,33758,27,25.0,0.7262440031839598
76105,358,16557,32,50.0,0.2175546941725248
132908,391,15565,22,55.0,0.11711108435910554
134614,332,10118,9,55.0,0.07516305882003357
41003,579,11059,28,30.0,0.26971197229471017
149226,730,17711,38,80.0,0.1186857518126868
86207,547,47660,18,40.0,0.5528553365735961
128548,392,27003,23,55.0,0.21006161122693467
120096,800,36755,31,90.0,0.306046829203304
106619,563,39477,20,50.0,0.3702623359813917
31854,641,39950,6,35.0,1.2541596031895523
132397,583,5211,21,75.0,0.03935889786022342
146616,673,27253,17,80.0,0.18588012222404104
67196,600,44390,31,50.0,0.6606047979046372
32799,306,9502,23,30.0,0.2897039543888533
85069,845,41269,16,80.0,0.4851238406470042
92021,807,24674,18,85.0,0.2681344475717499
102309,381,31674,40,50.0,0.30959153153681496
94454,599,9501,38,65.0,0.10058864632519533
121384,595,4101,9,70.0,0.03378534238449878
129148,456,13376,9,50.0,0.10357109672623657
131259,767,18970,1,75.0,0.1445234231557455
100236,574,33451,13,50.0,0.33372241510036316
141355,506,35967,9,45.0,0.25444448374659545
141240,712,10427,39,85.0,0.07382469555366751
87154,472,46632,23,40.0,0.5350528948757372
124692,620,36777,12,65.0,0.29494273890867095
144620,334,20327,1,40.0,0.1405545567694648
111439,549,14870,10,55.0,0.13343622968619603
146059,609,26866,23,70.0,0.183939366968143
126463,811,19252,37,95.0,0.1522342503340898
43833,710,40794,17,50.0,0.9306686742864965
46544,366,43204,21,25.0,0.9282399449982812
32011,568,48654,20,25.0,1.5199150292087096
54727,625,4716,7,60.0,0.08617318690956932
89890,740,6239,28,90.0,0.06940705306485705
80196,765,32400,9,70.0,0.40401017507107584
79986,523,42331,33,40.0,0.5292301152701723
50517,329,20066,17,40.0,0.3972128194469189
35167,607,27664,1,25.0,0.7866465720704069
31824,427,37424,33,25.0,1.1759678230266466
37894,830,35419,37,65.0,0.9346862300100279
81116,535,31574,39,45.0,0.3892450318063021
36006,761,30014,19,60.0,0.83358329167361
65954,325,34148,28,35.0,0.5177547987991631
96162,537,34268,14,45.0,0.3563569809280173
149067,745,43735,22,85.0,0.2933915621834477
100575,541,13576,7,50.0,0.13498384290330598
39807,540,34997,31,25.0,0.8791669806817897
109131,729,36272,34,75.0,0.33237118692213946
57653,729,30730,21,60.0,0.533016495238756
124540,787,44377,33,85.0,0.3563272844066164
79689,815,39500,0,65.0,0.4956769441202675
116400,584,6457,22,75.0,0.05547250859106529
142917,506,29777,26,55.0,0.2083517006374329
45525,309,31568,2,15.0,0.6934211971444262
102512,556,37840,36,50.0,0.3691275167785235
109964,628,49834,13,60.0,0.4531846786220945
55112,802,3487,5,85.0,0.06327115691682392
81173,565,28431,25,45.0,0.3502519310608207
116706,504,6959,3,50.0,0.05962846811646359
134840,471,34332,24,50.0,0.2546128745179472
62406,832,20380,26,80.0,0.3265711630291959
61186,313,34872,6,30.0,0.56993429869578
39016,301,45470,27,25.0,1.1654193151527579
116499,356,35573,2,40.0,0.30535026051725767
96616,709,42107,36,65.0,0.43581808396124866
134352,802,2790,24,100.0,0.020766345123258305
75309,482,29873,4,35.0,0.39667237647558723
112240,750,26339,21,90.0,0.23466678545972916
55105,301,33001,15,35.0,0.5988748752381816
30851,481,28020,1,10.0,0.9082363618683349
101819,727,12755,31,80.0,0.12527131478407763
66434,810,41986,28,75.0,0.6319956648703977
123375,359,46052,30,50.0,0.37326849037487336
119974,515,9044,23,60.0,0.07538299964992415
142293,686,21531,4,70.0,0.1513145411228943
75607,647,10302,15,65.0,0.136257224860132
76955,680,19680,27,70.0,0.25573387044376583
66211,730,46642,34,60.0,0.7044448807599946
107278,479,18387,22,55.0,0.17139581274818697
149195,684,44042,18,75.0,0.2951975602399544
89469,688,45897,10,65.0,0.5129933272977232
64664,308,1774,13,50.0,0.02743412099468019
42899,351,12009,36,30.0,0.27993659525863074
91524,785,33823,22,80.0,0.3695533412001224
115181,383,28474,37,55.0,0.24721091152186558
84548,488,45855,32,40.0,0.5423546387850688
65003,534,46954,5,30.0,0.7223358921895913
120476,762,42029,34,85.0,0.3488578638068993
85255,304,1841,32,55.0,0.021594041405196177
142866,486,9837,4,50.0,0.06885473100667759
145454,639,2867,30,75.0,0.019710698915120933
44953,793,4417,24,75.0,0.09825818076657843
30350,625,27950,25,40.0,0.9209225700164745
63466,361,1645,7,45.0,0.025919389909557874
140166,311,12260,20,60.0,0.0874677168500207
117538,769,45668,29,85.0,0.3885381748881213
36826,411,42692,36,25.0,1.1592896323249877
55042,590,47012,39,50.0,0.8541114058355438
85057,655,24986,28,60.0,0.2937559518910848
53206,805,16589,13,80.0,0.3117881441942638
70687,604,38586,25,50.0,0.5458712351634671
109457,710,4617,40,85.0,0.04218094776944371
32552,334,30257,38,25.0,0.9294974195133939
134036,754,15802,35,90.0,0.11789370019994629
85936,420,31183,31,45.0,0.36286306088251724
62780,773,17108,29,75.0,0.2725071678878624
129641,832,46995,21,90.0,0.3625010606212541
106011,384,33143,1,35.0,0.31263736782032053
44871,372,15831,17,30.0,0.35281139265895567
107014,534,27834,19,50.0,0.26009680976320854
72906,549,41616,5,30.0,0.5708172166899843
136318,521,2792,21,60.0,0.02048152114907789
41359,813,21056,14,65.0,0.5091032181629149
100010,340,21246,28,55.0,0.21243875612438756
73065,380,25158,29,40.0,0.34432354752617533
57535,456,28948,19,35.0,0.5031372208221083
69618,428,27407,0,25.0,0.39367692263495074
37146,474,34522,34,25.0,0.9293598233995585
100545,767,16738,23,90.0,0.1664727236560744
139433,466,13728,27,60.0,0.09845588920843702
115256,639,32385,9,60.0,0.28098320260984244
83523,550,18039,21,50.0,0.21597643762795876
38285,305,35590,28,25.0,0.9296068956510383
108561,794,29767,26,85.0,0.27419607409659086
128759,636,11635,6,70.0,0.09036261542882439
109569,580,35791,25,65.0,0.3266526115963457
48136,561,6873,9,30.0,0.14278294831311283
134336,404,49590,10,50.0,0.36914899952358265
67606,842,42873,4,65.0,0.634159689968346
47154,636,41392,19,40.0,0.8778046401153666
109507,824,27741,6,85.0,0.25332627137991176
105674,669,12759,19,70.0,0.12073925468894903
119889,634,39892,24,65.0,0.3327411188682865
98522,850,47054,27,80.0,0.47759891191815024
132676,304,3472,34,60.0,0.026169013235249783
85333,748,3280,8,85.0,0.03843765014707089
122708,704,11200,28,85.0,0.09127359259379991
128848,375,16826,34,55.0,0.13058797963491867
47172,339,5009,38,35.0,0.10618587297549394
138124,684,4887,6,80.0,0.03538125162897107
83964,832,48787,40,80.0,0.5810466390357772
125647,353,23935,14,55.0,0.1904940030402636
138034,473,1684,13,60.0,0.0121998927800397
106556,618,5118,40,75.0,0.048031082247832126
104946,589,45932,39,60.0,0.43767270786880874
47038,689,23106,13,50.0,0.49121986479016966
87422,387,8606,9,50.0,0.09844203976115852
136093,451,29166,8,50.0,0.21430933258874446
86370,596,21927,15,60.0,0.25387287252518237
105574,835,31039,34,90.0,0.29400231117509995
72622,677,18349,32,65.0,0.2526644818374597
80277,631,15734,28,65.0,0.1959963625945165
121680,456,47973,13,50.0,0.39425542406311637
144370,468,3802,21,60.0,0.026335111172681305
41114,634,11009,19,45.0,0.2677676703799193
119353,725,32735,29,75.0,0.27427044146355767
81645,424,25165,4,35.0,0.30822463102455755
114607,639,32454,29,65.0,0.28317642028846407
126605,633,28463,12,70.0,0.22481734528652106
141376,716,24818,5,75.0,0.1755460615663196
127290,396,29256,17,55.0,0.22983737921282113
119539,634,21194,30,70.0,0.17729778565991017
118555,841,15221,12,95.0,0.12838766817089114
36572,794,32989,7,55.0,0.9020288745488352
41221,316,41387,26,25.0,1.004027073579001
88991,842,28637,14,85.0,0.3217965861716353
93335,551,10537,40,50.0,0.11289441259977501
75830,447,41431,16,40.0,0.5463668732691547
65382,611,33284,7,45.0,0.5090697745556881
99615,758,6768,31,90.0,0.06794157506399638
97271,825,40024,32,80.0,0.41146898870166854
61266,439,36031,40,35.0,0.5881075963829857
133202,723,6688,31,85.0,0.050209456314469755
125321,733,8372,22,85.0,0.0668044461822041
79823,713,34724,0,50.0,0.4350124650789873
100798,754,6547,34,95.0,0.06495168554931645
87711,381,12524,12,50.0,0.14278710766038466
35683,788,44554,40,60.0,1.248605778662108
56100,484,2219,40,50.0,0.03955436720142602
47601,333,33930,22,25.0,0.7128001512573265
116662,396,36240,29,50.0,0.31064099706845416
142789,741,19002,22,90.0,0.1330774779569855
127080,365,26216,24,55.0,0.2062952470884482
102845,495,2174,0,45.0,0.02113860664106179
59451,697,41062,25,60.0,0.6906864476627811
66559,516,27240,39,35.0,0.4092609564446581
74657,461,19878,4,30.0,0.26625768514673775
103048,302,44387,16,45.0,0.4307410138964366
69363,530,22001,22,40.0,0.3171863962054698
46199,321,16906,26,30.0,0.36593865668088055
66342,354,8547,38,45.0,0.12883241385547617
147970,544,36365,7,50.0,0.2457592755288234
49769,605,26555,6,35.0,0.5335650706262934
106484,579,30446,32,50.0,0.2859208895233087
109069,629,47693,23,60.0,0.43727365245853544
120964,459,46478,12,50.0,0.38423001884858304
116474,333,12754,20,55.0,0.10950083280388756
118259,331,27502,28,55.0,0.23255735292874116
100807,453,19484,11,55.0,0.19328022855555665
146860,570,48322,8,45.0,0.32903445458259567
141792,745,35305,40,90.0,0.2489914804784473
94451,727,18041,34,75.0,0.19100909466284105
135582,683,20613,23,80.0,0.15203345576846483
55485,464,29760,40,35.0,0.5363611786969451
41836,678,44340,3,40.0,1.0598527583899033
130727,812,8906,33,100.0,0.06812670680119638
40641,808,19520,8,60.0,0.48030314214709285
105631,599,43837,15,60.0,0.4150012780339105
139769,401,35068,5,45.0,0.25089969878871565
82262,315,35600,14,40.0,0.4327636089567479
149034,803,13306,20,100.0,0.08928164043104259
96237,443,28648,11,45.0,0.29768176480979247
62742,804,25819,22,75.0,0.4115106308373976
135369,531,23607,40,55.0,0.17439000066484941
108385,548,7279,24,60.0,0.06715873967799972
124493,370,5995,9,55.0,0.048155317969685044
82772,721,37089,30,65.0,0.44808630937998356
45713,593,45786,16,40.0,1.0015969199133725
75745,535,25786,24,45.0,0.34043171166413627
69117,816,31672,17,75.0,0.458237481372166
51632,371,26289,18,35.0,0.5091609854353889
149079,670,43816,30,75.0,0.29391128193776456
52946,372,10575,8,40.0,0.1997318022135761
69529,571,14963,0,30.0,0.2152051661896475
112978,705,32535,31,75.0,0.2879764201880012
139328,725,32621,30,80.0,0.23413097152044096
43356,307,47803,27,25.0,1.102569425223729
128366,546,18640,5,50.0,0.14520979075456117
145357,569,35124,0,40.0,0.2416395495228988
96039,785,21984,30,85.0,0.22890700652859775
100776,433,44477,21,45.0,0.4413451615463999
82743,755,31015,19,80.0,0.37483533350253195
77537,480,49920,21,40.0,0.6438216593368328
118781,848,14353,4,85.0,0.1208358239112316
100644,458,6057,18,60.0,0.06018242518182902
61635,333,44759,18,35.0,0.7261945323274114
65720,500,17048,20,40.0,0.259403530127815
41957,763,16752,5,60.0,0.3992659151035584
135396,484,12029,32,60.0,0.08884309728500103
128235,355,46216,33,50.0,0.36040082660740047
117153,756,24422,5,85.0,0.20846243800841635
41164,602,23120,36,40.0,0.5616558157613448
128167,774,6777,7,90.0,0.052876325419179665
139161,589,22805,20,70.0,0.1638749362249481
34278,434,49531,17,25.0,1.444979287006243
135788,704,27571,37,80.0,0.20304445164521165
35482,594,1900,21,55.0,0.053548278000112734
55242,706,33911,27,60.0,0.6138626407443611
61890,661,25507,40,50.0,0.4121344320568751
90901,722,7192,29,80.0,0.07911904159470193
56685,706,35339,5,55.0,0.6234277145629356
76025,794,47195,23,75.0,0.620782637290365
143636,739,2679,17,85.0,0.01865131304129884
48320,670,43610,15,50.0,0.9025248344370861
142635,684,37053,1,60.0,0.2597749500473236
58361,815,11964,9,80.0,0.20499991432634806
121214,304,35472,36,50.0,0.29263946408830666
120198,333,46238,23,50.0,0.3846819414632523
97561,421,26141,28,45.0,0.26794518301370424
148410,439,32026,31,55.0,0.2157940839566067
53834,550,46858,35,35.0,0.8704164654307687
113579,752,46709,22,80.0,0.4112467973833191
119733,521,16269,21,55.0,0.13587732705269223
87199,531,1216,24,55.0,0.013945114049473045
88756,827,44891,37,80.0,0.5057798909369507
96768,619,41176,3,45.0,0.42551256613756616
31934,633,19101,33,40.0,0.5981399135717417
128994,768,8010,8,90.0,0.06209591143774129
71114,637,26646,36,55.0,0.37469415305003234
57742,338,16601,38,40.0,0.2875030307228707
127472,752,34154,31,85.0,0.2679333500690348
57110,705,8270,17,70.0,0.14480826475223255
50379,608,27612,35,50.0,0.5480855118204013
63082,633,34847,30,50.0,0.552407976918931
53021,492,44637,15,35.0,0.8418739744629486
44168,605,24826,34,40.0,0.5620811447201594
145429,367,7673,3,50.0,0.052761141175418934
82383,720,21932,28,70.0,0.26621997256715585
108135,379,34222,28,50.0,0.3164747768992463
41188,482,31397,6,20.0,0.7622851315917257
66048,496,47174,4,25.0,0.7142381298449613
107607,687,38195,17,75.0,0.3549490274796249
138093,546,3894,30,60.0,0.028198388042840694
144351,305,21202,28,55.0,0.14687809575271388
113066,655,27673,11,70.0,0.24475085348380593
78147,405,23294,25,45.0,0.29807926088013614
104085,846,1480,40,100.0,0.014219147811884518
39961,712,32251,37,50.0,0.8070618853382048
33761,810,7167,29,75.0,0.21228636592517994
61358,831,26872,16,75.0,0.43795430098764626
69893,691,38546,24,60.0,0.5515001502296367
39287,612,48578,14,40.0,1.2364904421309848
82488,352,21896,40,45.0,0.2654446707399864
110931,610,24654,29,70.0,0.222246261189388
124811,730,24947,34,80.0,0.1998782158623839
48301,353,42345,21,25.0,0.8766899236040662
54267,481,18290,4,30.0,0.3370372417859841
62530,427,21112,36,40.0,0.33762993762993765
132251,488,26392,31,55.0,0.199559927713212
43396,451,43995,0,10.0,1.0138031154945155
129536,369,3629,12,60.0,0.028015377964426876
87905,489,44948,22,40.0,0.511324725555998
131931,732,34113,7,70.0,0.2585669781931464
82976,324,22092,27,45.0,0.2662456613960663
68566,525,6468,8,45.0,0.09433246798704897
53519,609,16902,37,55.0,0.3158130757301145
96307,829,27571,38,85.0,0.28628240937834215
92070,747,16293,14,85.0,0.17696318018898663
125491,741,15312,39,90.0,0.12201671833039819
93788,468,27436,1,30.0,0.2925320936580373
74942,381,14800,10,45.0,0.19748605588321635
91993,378,33515,29,45.0,0.3643211983520485
42280,543,19250,31,25.0,0.4552980132450331
71145,667,20384,15,55.0,0.28651345842996695
66463,309,8331,4,35.0,0.12534793795043858
93654,495,47244,38,40.0,0.504452559420847
113283,539,43279,23,50.0,0.38204320153950727
128536,468,29447,3,45.0,0.22909535071886475
61925,774,23610,1,60.0,0.3812676624949536
101066,402,12449,2,45.0,0.12317693388478816
107580,512,34165,2,40.0,0.3175776166573713
127154,409,32809,12,50.0,0.25802570111832895
92277,746,28657,2,70.0,0.31055409256911254
127735,804,42869,14,90.0,0.3356088777547266
141635,444,6176,15,60.0,0.04360504112684012
38564,310,15884,26,25.0,0.4118867337413131
104364,620,28127,2,55.0,0.26950864282702847
102199,423,37075,18,50.0,0.3627726298691768
75056,781,7233,26,90.0,0.09636804519292262
43970,804,23228,29,65.0,0.5282692745053446
140853,451,40344,36,50.0,0.2864262742007625
99329,479,27681,32,45.0,0.2786799424135952
64438,685,11109,10,70.0,0.17239827431018964
128858,708,25801,39,80.0,0.20022815812755126
80205,362,21862,29,45.0,0.272576522660682
40543,652,7547,30,50.0,0.18614804035221863
55313,745,48041,22,70.0,0.8685300019886826
116951,324,30808,29,50.0,0.2634265632615369
119705,463,7372,3,50.0,0.06158472912576751
119399,507,10051,19,60.0,0.08417993450531411
131976,570,11822,27,60.0,0.08957689276838213
34165,682,29711,33,50.0,0.8696326650080491
34207,683,11003,30,55.0,0.32165930949805593
113202,547,12591,29,55.0,0.1112259500715535
85723,405,48884,13,40.0,0.5702553573720005
115316,337,6868,38,60.0,0.059558083873876996
47786,525,7330,10,35.0,0.1533922069225296
78351,355,47503,19,40.0,0.6062845400824495
121983,670,46117,4,65.0,0.3780608773353664
45014,596,43068,19,40.0,0.9567690051983827
45814,404,10652,29,35.0,0.2325053477103069
105849,831,20228,34,95.0,0.1911024194843598
108301,778,23186,9,85.0,0.2140885125714444
143386,705,39562,13,75.0,0.2759125716597157
44168,812,11097,12,70.0,0.2512452454265532
80019,375,30625,11,45.0,0.3827216036191404
34117,651,45731,3,30.0,1.340416801008295
43577,343,32607,23,25.0,0.7482616976845584
51567,344,14432,29,40.0,0.2798689084104175
56318,361,31064,33,35.0,0.5515820874320821
47275,307,15538,18,30.0,0.3286726599682708
63408,376,30443,3,25.0,0.4801129195054252
96244,847,1545,31,95.0,0.01605294875524708
84524,374,24860,1,30.0,0.29411764705882354
61963,366,14887,38,45.0,0.24025628197472684
145247,690,23971,37,80.0,0.1650361109007415
86155,814,35567,26,80.0,0.4128257210840926
57659,376,22437,10,40.0,0.38913265925527674
142947,577,48404,2,40.0,0.33861501115798165
85302,469,18370,33,50.0,0.21535251225059202
74375,534,47406,37,35.0,0.6373915966386554
104691,432,47049,6,40.0,0.44940825858956357
102264,827,4235,36,100.0,0.041412422748963465
145750,316,34922,8,50.0,0.23960205831903944
115175,627,32765,20,65.0,0.28448013891903623
97033,596,43453,12,55.0,0.44781672214607404
87898,690,24892,3,60.0,0.2831918814990102
132581,434,8191,6,55.0,0.061781099855937126
109482,332,26781,21,55.0,0.24461555324162876
116991,474,2307,37,60.0,0.019719465599917944
115426,342,7346,13,60.0,0.06364250688752968
134662,498,46916,23,50.0,0.3483982118192215
62493,491,24972,20,40.0,0.39959675483654167
45906,697,32223,17,50.0,0.7019343876617435
75293,556,6194,33,55.0,0.08226528362530382
129943,414,5047,35,60.0,0.038840106816065506
56062,362,21552,3,30.0,0.3844315222432307
145898,337,46574,18,50.0,0.31922301882136833
35209,458,3617,9,30.0,0.10272941577437587
111830,557,35957,33,50.0,0.3215326835375123
54586,374,45823,27,35.0,0.8394643315135749
99514,783,3079,18,90.0,0.030940370199167955
143940,405,24178,35,55.0,0.16797276643045714
118184,506,33568,40,50.0,0.2840316794151493
53086,402,48468,33,35.0,0.913009079606676
56680,730,27234,6,55.0,0.48048694424841215
57938,464,9829,40,45.0,0.16964686388898478
114717,564,25876,9,50.0,0.22556377869016797
115814,792,38930,8,80.0,0.33614243528416254
46334,643,49218,3,30.0,1.0622437087236154
42015,594,12650,32,45.0,0.30108294656670237
100282,478,39782,9,45.0,0.3967013023274366
100701,317,16363,31,55.0,0.16249093852096802
109471,565,17871,1,40.0,0.16324871427135954
108222,366,20315,0,40.0,0.18771599120326735
70730,364,24948,27,40.0,0.35272161741835145
83736,442,21756,24,45.0,0.2598165663513901
104177,457,28146,30,50.0,0.2701747986599729
46299,337,39353,24,25.0,0.8499751614505713
58477,491,2718,39,50.0,0.04647981257588454
135043,607,17295,33,70.0,0.1280703183430463
61566,801,23440,34,80.0,0.38072962349348666
82350,657,2747,26,70.0,0.033357619914996965
115215,761,38164,13,85.0,0.3312415918066224
105243,388,39149,1,35.0,0.37198673545984057
50861,342,34246,6,30.0,0.6733253376850632
129035,465,28947,13,55.0,0.22433448289223853
130348,310,30714,24,55.0,0.23563077300764107
91261,370,26493,13,45.0,0.29029925159706776
103579,670,2194,23,85.0,0.02118189980594522
49340,628,8174,29,50.0,0.16566680178354276
114889,446,41709,13,50.0,0.3630373665015798
57607,621,21766,18,55.0,0.37783602687173434
65509,510,46545,4,25.0,0.7105130592742982
102350,594,28498,28,65.0,0.27843673668783586
130593,576,12729,7,55.0,0.09747076795846638
114939,691,41613,15,75.0,0.36204421475739307
54983,524,17079,14,40.0,0.3106232835603732
48958,648,35919,22,40.0,0.7336696760488582
136269,507,1231,39,60.0,0.009033602653574915
33280,531,16161,25,25.0,0.48560697115384616
45670,351,43358,15,25.0,0.9493759579592731
42676,760,17986,15,60.0,0.4214546817883588
127647,617,37629,24,65.0,0.2947895367693718
58534,407,34527,39,35.0,0.5898623022516828
72219,801,30038,21,75.0,0.415929326077625
124329,795,13600,15,90.0,0.10938719043827265
72437,773,47702,14,70.0,0.6585308613001642
106225,518,31498,36,50.0,0.2965215344787009
133544,772,29454,0,75.0,0.22055652069729828
126530,367,14826,36,55.0,0.11717379277641667
108697,841,34706,9,85.0,0.3192912407886142
92422,796,32450,36,80.0,0.35110687931444895
65179,731,16892,13,65.0,0.2591632274198745
64814,355,36969,29,35.0,0.5703860277100626
99822,706,6178,23,80.0,0.061890164492797176
106955,645,42729,19,65.0,0.3995044644944135
147677,337,14579,14,60.0,0.09872221131252666
39869,418,46515,8,20.0,1.1666959291680252
92518,345,4964,8,50.0,0.0536544240039776
52280,791,14995,12,75.0,0.28682096403978574
31947,808,37990,40,65.0,1.1891570413497354
33101,392,15261,8,20.0,0.4610434730068578
44322,697,24252,11,50.0,0.5471774739407066
41813,652,9926,25,50.0,0.2373902853179633
99163,574,11107,24,50.0,0.1120075027984228
140795,832,24195,38,95.0,0.17184559110763878
41970,453,1455,21,40.0,0.03466761972837741
93242,811,6824,21,95.0,0.07318590334827653
62325,641,6341,37,60.0,0.10174087444845567
47361,486,41842,32,25.0,0.8834695213361204
73404,840,3168,21,90.0,0.04315841098577734
89441,601,37304,9,50.0,0.4170794154805961
52871,653,9401,37,60.0,0.17781014166556336
101511,690,6143,3,75.0,0.06051560914580686
137984,348,34252,23,55.0,0.24823167903525045
143619,512,36501,25,50.0,0.254151609466714
115717,656,23772,17,70.0,0.2054322182566088
84379,548,8535,32,50.0,0.10115076026025432
46591,417,5400,0,20.0,0.11590221287373098
90142,773,39032,35,75.0,0.43300570211444167
68680,422,44976,15,35.0,0.6548631333721607
37972,628,37457,32,40.0,0.9864373749078268
68890,309,20733,26,40.0,0.30095804906372475
75870,615,1420,10,70.0,0.01871622512191907
48964,748,17297,12,65.0,0.35325953761947554
45157,409,42328,22,25.0,0.9373519055738867
71224,458,22218,10,40.0,0.31194541165899137
90068,830,24674,24,85.0,0.273948572189901
41959,599,27109,2,30.0,0.6460830811029815
142824,630,47486,14,65.0,0.33247913515935695
120461,371,11921,11,60.0,0.09896148961074538
98494,728,36321,7,65.0,0.36876357950738115
144316,389,22842,29,55.0,0.15827766844979074
145957,775,37944,37,85.0,0.2599669765752927
59444,843,32147,27,75.0,0.5407946975304488
64737,787,19384,35,75.0,0.29942691196688137
51992,514,15295,12,40.0,0.2941798738267426
114012,499,24758,35,55.0,0.21715258043013017
89878,300,19822,29,50.0,0.22054340328000177
69139,506,5482,21,50.0,0.07928954714415887
147914,748,48316,28,85.0,0.32664926916992304
30942,749,8693,15,65.0,0.280944993859479
88115,806,41005,34,80.0,0.4653577710945923
50289,675,47603,2,50.0,0.9465887172145002
130704,787,30378,23,90.0,0.2324182886522218
49887,807,2235,24,80.0,0.04480125082686872
50730,726,39253,19,60.0,0.7737630593337276
137551,493,42712,39,50.0,0.31051755348925125
93517,443,47815,24,40.0,0.5112974111658842
40322,727,20345,9,45.0,0.5045632657110263
91894,403,48313,5,35.0,0.5257470563910592
89609,557,6384,29,55.0,0.07124284391076789
85176,427,17535,2,40.0,0.20586785009861933
84460,687,44222,33,65.0,0.5235851290551741
62853,645,1572,36,65.0,0.02501073934418405
66241,665,33625,1,35.0,0.50761612898356
149356,366,31299,38,55.0,0.20955970968692253
45396,605,9183,34,50.0,0.20228654507005023
79672,793,5183,21,90.0,0.06505422231147706
64362,598,16651,13,55.0,0.25870855473726734
120957,403,17142,35,55.0,0.14171978471688285
99621,321,47426,33,40.0,0.47606428363497655
113748,715,29029,32,75.0,0.25520448711186133
33617,692,16594,28,50.0,0.4936192997590505
44592,729,15446,28,55.0,0.3463850017940438
90589,690,42847,23,65.0,0.47298237092803763
68752,486,12492,9,40.0,0.18169653246451012
59038,606,40038,25,50.0,0.6781733798570412
128176,707,47272,37,75.0,0.36880539258519535
68696,794,5331,14,85.0,0.07760277163153605
56111,722,26072,24,60.0,0.46465042505034665
143567,790,16126,35,90.0,0.11232386272611394
109806,832,34875,36,90.0,0.31760559532266
112578,589,41305,6,60.0,0.3669011707438398
132436,364,2160,28,60.0,0.01630976471654233
51747,584,13725,39,55.0,0.26523276711693433
125236,825,12161,11,100.0,0.09710466638985595
116163,628,25993,7,65.0,0.223763160386698
43069,377,13333,11,30.0,0.30957301075019156
70189,492,32958,6,30.0,0.4695607573836356
99579,841,1220,9,90.0,0.012251579148213981
120357,661,37234,4,55.0,0.30936297847237804
106858,484,30283,38,50.0,0.28339478560332404
120480,703,9844,10,85.0,0.08170650730411687
133364,380,16172,3,45.0,0.1212621097147656
36764,725,13516,13,55.0,0.36764225873136763
54914,782,41525,2,60.0,0.7561823942892523
37936,376,8418,30,35.0,0.2219000421762969
107832,705,48043,14,70.0,0.4455356480451072
149964,699,27072,38,80.0,0.18052332559814355
125991,473,49356,32,50.0,0.3917422673048075
91953,359,17022,5,45.0,0.18511630941894228
35014,324,41592,5,20.0,1.1878677100588335
122459,771,38574,33,85.0,0.31499522289092674
102340,562,45623,25,45.0,0.4457983193277311
110676,837,22981,4,85.0,0.20764212656763886
116200,606,38623,12,65.0,0.33238382099827884
59466,735,44571,30,60.0,0.7495207345373827
117747,418,38541,23,50.0,0.32732044128512827
73025,540,29292,37,35.0,0.40112290311537147
66585,810,48901,15,75.0,0.7344146579559961
65683,645,32624,25,50.0,0.4966886408964268
101987,346,10223,15,55.0,0.10023826566130978
33783,500,9246,14,30.0,0.2736879495604298
61439,540,42793,22,35.0,0.6965119874997966
123343,654,46641,37,65.0,0.3781406322207178
83545,647,42698,2,45.0,0.511077862229936
71704,352,14068,13,45.0,0.1961954702666518
41542,537,14973,19,30.0,0.360430407780078
115823,462,20891,35,55.0,0.18037004739991194
127671,600,43827,25,65.0,0.34328077637051485
72081,462,38200,40,35.0,0.5299593512853595
90036,755,40448,36,75.0,0.44924252521213737
127218,638,42080,37,65.0,0.33077080287380717
104963,591,25115,3,60.0,0.23927479206958643
108269,447,33740,14,50.0,0.3116312148445077
62662,466,26460,25,35.0,0.42226548785547857
53405,643,18716,17,55.0,0.350454077333583
141449,336,31346,39,55.0,0.2216063740288019
46011,361,40653,8,20.0,0.8835495859685727
49410,740,22195,36,60.0,0.4492005666869055
117062,314,48842,27,45.0,0.41723189420990586
144650,620,26831,39,70.0,0.18548911164880746
123302,581,6437,9,70.0,0.052205154823117224
142670,397,37758,10,50.0,0.26465269503048994
149806,760,14702,5,90.0,0.09814026140475014
43446,478,48720,24,25.0,1.1213920729181053
42097,701,5678,34,60.0,0.13487896999786209
107656,361,23894,23,55.0,0.22194768521958833
122493,572,35669,2,40.0,0.29119214975549623
63092,336,23665,4,30.0,0.37508717428517085
111381,352,33547,37,50.0,0.3011914060746447
60784,644,33553,32,50.0,0.5520038167938931
133126,429,14119,38,55.0,0.10605741928699128
95323,636,28501,16,60.0,0.2989939468963419
122214,833,19774,38,95.0,0.16179815733058406
118125,639,48546,8,55.0,0.4109714285714286
51319,795,23618,21,70.0,0.4602194119137162
35383,650,29158,38,40.0,0.8240680552807845
134349,599,43559,24,65.0,0.32422273332886736
67056,808,48681,25,75.0,0.7259753042233357
112960,781,32189,35,85.0,0.2849592776203966
91069,685,40407,22,65.0,0.4436965377900273
109887,361,29303,2,40.0,0.2666648466151592
77953,364,38169,6,35.0,0.4896411940528267
72176,773,14149,3,70.0,0.19603469297273332
127978,421,10465,8,55.0,0.08177186703964744
148413,602,8934,13,75.0,0.060196883022376746
113307,352,43101,15,50.0,0.3803913262199158
144799,632,44399,30,65.0,0.3066250457530784
85444,650,27816,36,60.0,0.32554655680913813
103060,372,36858,38,50.0,0.35763632835241604
148598,529,4077,17,60.0,0.027436439252210662
116752,692,33986,37,75.0,0.2910956557489379
112544,545,17579,35,55.0,0.15619668751777083
138028,818,28231,28,95.0,0.20453096473179355
57235,736,48978,28,60.0,0.8557351271075391
114874,313,45758,35,50.0,0.3983320855894284
45220,557,13585,17,30.0,0.3004201680672269
45118,418,4442,10,40.0,0.09845294560929119
133341,535,7578,28,60.0,0.05683173217539991
59154,646,36427,28,50.0,0.6157994387530852
113695,340,27650,2,45.0,0.2431945116319979
35276,645,40608,27,40.0,1.1511509241410591
122260,717,24614,27,80.0,0.20132504498609521
90946,344,5341,19,55.0,0.058727156774349615
111678,400,30651,31,50.0,0.27445871165314567
57460,315,48346,9,30.0,0.8413853115210581
103259,516,13129,5,50.0,0.12714630201725757
100329,367,10273,25,55.0,0.10239312661344177
40350,468,17191,40,25.0,0.4260470879801735
126434,823,5918,6,95.0,0.0468070297546546
44029,576,16453,35,30.0,0.3736855254491358
90910,395,21224,0,35.0,0.23346166538334617
87091,734,32541,26,70.0,0.37364366007968675
90515,711,43860,20,65.0,0.4845605700712589
147002,728,12820,26,85.0,0.08720969782724045
68469,827,10160,20,85.0,0.14838832172223926
149686,383,18832,28,55.0,0.1258100289940275
135932,803,12112,7,95.0,0.08910337521702028
135620,658,21000,14,70.0,0.15484441822740008
134363,341,9760,25,60.0,0.07263904497517917
30074,759,25739,24,60.0,0.8558555562944736
107356,626,34344,7,60.0,0.3199075971533962
100457,629,4560,29,75.0,0.0453925560189932
58016,817,27014,40,75.0,0.46563017098731385
107110,796,9947,12,95.0,0.09286714592475026
50635,300,6956,38,45.0,0.1373753332675027
105965,715,36518,6,70.0,0.34462322464964845
67388,422,45610,24,35.0,0.676826734730219
126542,366,20191,30,55.0,0.15955967188759462
149333,307,43915,16,50.0,0.2940743171301722
55443,746,45493,20,70.0,0.820536406760096
63862,740,32025,13,70.0,0.5014719238357709
35720,718,25563,19,50.0,0.7156494960806271
64795,312,27951,6,30.0,0.43137587776834635
93464,795,8389,17,90.0,0.08975648377985107
129680,767,1032,16,95.0,0.007958050586057988
148664,575,28060,12,55.0,0.18874778022924177
57152,596,17196,1,40.0,0.30088185890257557
46361,326,21444,36,25.0,0.4625439485774681
82184,338,6636,23,55.0,0.08074564392095786
41395,843,1037,38,80.0,0.02505133470225873
143830,484,38751,32,50.0,0.2694222345824932
138885,332,40595,11,50.0,0.2922921841811571
137099,535,21691,26,55.0,0.15821413722930144
143331,785,39461,35,85.0,0.275313784177882
31504,581,9203,40,45.0,0.2921216353478923
89692,733,15287,9,70.0,0.1704388351246488
111959,605,38221,38,65.0,0.34138389946319636
97889,326,19630,7,45.0,0.2005332570564619
74092,456,38152,40,35.0,0.5149273875722076
105456,764,34896,21,85.0,0.3309057806099226
114696,322,5225,12,60.0,0.04555520680756086
72992,431,28952,1,25.0,0.39664620780359494
86346,440,34958,18,40.0,0.4048595186806569
81717,838,13108,8,85.0,0.1604072591994322
122778,599,19961,36,70.0,0.1625779862841877
135708,665,30645,35,70.0,0.22581572199133434
45866,465,10166,22,35.0,0.22164566345441067
107304,785,1643,20,95.0,0.015311637963170059
64663,810,17319,33,80.0,0.26783477413667783
143980,643,44123,28,65.0,0.3064522850395888
118039,304,21526,15,55.0,0.1823634561458501
38799,635,48259,17,40.0,1.2438207170287894
85933,699,28319,23,70.0,0.3295474381203961
33379,322,28023,14,25.0,0.8395398304323077
125673,750,22937,27,90.0,0.18251334813364845
105470,566,26020,10,55.0,0.24670522423437943
86985,821,35887,31,80.0,0.41256538483646604
77447,401,47838,21,40.0,0.6176869342905471
36028,789,42629,39,60.0,1.1832186077495281
58010,816,47383,30,75.0,0.816807446991898
54890,320,4161,7,45.0,0.07580615777008562
85108,450,38043,28,40.0,0.44699675706161585
149725,665,14304,9,70.0,0.09553514777091335
57801,537,5767,15,50.0,0.09977336032248577
146294,326,4140,4,50.0,0.028299178366850315
127771,329,15681,3,45.0,0.12272737945230139
35229,612,22860,31,40.0,0.6488972153623436
123032,715,30629,13,80.0,0.24895149229468755
75508,553,41475,9,35.0,0.5492795465381152
78571,790,5020,32,90.0,0.06389125758867775
134767,335,26233,40,55.0,0.19465447772822725
32068,582,33245,19,40.0,1.0367032555818885
79131,349,17593,37,50.0,0.22232753282531498
129374,431,42698,24,50.0,0.33003540123981634
124646,813,41073,30,90.0,0.3295171926896972
107236,345,1232,21,60.0,0.01148867917490395
49342,534,6831,29,35.0,0.13844189534271006
109276,471,42981,21,50.0,0.39332515831472603
143249,354,31162,39,55.0,0.2175372951992684
73573,372,42785,7,30.0,0.581531268264173
130789,811,2971,25,100.0,0.022715977643379796
77419,600,1416,39,70.0,0.018290083829550885
89429,424,2891,40,55.0,0.032327321115074525
67777,767,12628,2,70.0,0.1863168921610576
58906,686,38445,10,60.0,0.6526499847214206
142814,390,13217,12,60.0,0.09254694917865196
34809,486,32954,0,10.0,0.9467091844063317
115990,452,6836,23,60.0,0.058936115182343304
61385,340,5769,12,50.0,0.0939806141565529
101482,819,7973,40,100.0,0.07856565696379654
104847,725,28759,25,75.0,0.2742949249859319
136266,793,11183,40,95.0,0.08206742694435883
64760,527,45978,34,35.0,0.7099752933909821
104607,495,49982,8,40.0,0.47780741250585523
41915,838,36656,32,65.0,0.8745317905284504
40155,596,3639,33,55.0,0.09062383264848711
58657,716,13478,6,65.0,0.22977649726375368
106099,499,35075,21,50.0,0.330587470192933
89600,822,23104,17,85.0,0.25785714285714284
49936,496,34647,17,25.0,0.693828099967959
124972,498,25758,40,55.0,0.2061101686777838
144154,488,15220,6,50.0,0.10558153086282726
66347,850,22921,24,80.0,0.34547153601519287
89510,835,48384,36,80.0,0.5405429560942911
84008,746,37522,27,75.0,0.4466479382915913
46614,546,10058,30,35.0,0.21577208563950745
147831,354,31471,0,40.0,0.2128849835284886
101874,468,4504,13,60.0,0.04421147692247286
141151,372,26223,21,55.0,0.18577976776643454
38993,718,29883,40,50.0,0.7663683225194265
124466,346,43038,36,50.0,0.3457811771889512
106983,350,48578,10,45.0,0.4540721423029827
58569,766,10661,38,80.0,0.1820246205330465
102667,488,14445,35,55.0,0.14069759513767813
122435,336,45314,6,45.0,0.37010658716870176
72823,436,15295,17,45.0,0.21002979827801657
124058,833,30510,26,95.0,0.2459333537538893
93904,374,15617,24,50.0,0.16630814448798772
145456,481,32186,39,55.0,0.22127653723462765
76984,328,34180,28,40.0,0.4439883612179154
122591,762,3738,0,80.0,0.03049163478558785
128453,322,21743,24,55.0,0.1692681369839552
129693,483,8013,6,55.0,0.06178436769910481
60495,400,4972,25,50.0,0.0821886106289776
52962,540,25594,34,35.0,0.4832521430459575
71441,674,26722,14,65.0,0.37404291653252336
144389,752,25531,38,90.0,0.1768209489642563
115180,709,22731,27,80.0,0.1973519708282688
59389,741,12182,11,80.0,0.20512216066948424
103147,381,19117,39,55.0,0.18533743104501343
30282,546,4720,38,35.0,0.15586817251172314
108047,704,8646,0,70.0,0.08002073171860394
139408,464,14721,35,55.0,0.10559652243773672
143993,372,11239,37,60.0,0.07805240532525887
134935,587,4839,30,75.0,0.03586171119427873
124155,782,49296,26,85.0,0.39705207200676573
65325,526,5176,39,50.0,0.07923459624952162
119241,318,41654,5,45.0,0.34932615459447675
82581,658,37455,23,55.0,0.4535546917571839
47927,795,39427,4,50.0,0.8226469422246333
130898,325,49329,14,50.0,0.3768506776268545
78368,839,15251,6,85.0,0.1946074928542262
129613,828,8975,10,100.0,0.0692445973783494
143571,393,31802,22,55.0,0.22150712887700164
79441,748,49388,9,70.0,0.6216940874359588
83883,376,39790,36,40.0,0.47435117961923157
127004,469,8769,18,60.0,0.06904506944663161
43104,306,33888,8,20.0,0.7861915367483296
140474,543,39591,20,50.0,0.28183863206002535
141848,798,27164,29,90.0,0.19150076137837685
87080,481,26834,38,45.0,0.3081534221405604
93156,721,22675,6,70.0,0.24340890549186311
31330,723,27895,22,50.0,0.8903606766677306
102140,495,48455,23,45.0,0.4743978852555316
107993,477,42635,0,35.0,0.39479410702545537
83424,579,17117,20,50.0,0.2051807633294975
133247,392,13095,16,60.0,0.09827613379663332
99588,304,31262,18,45.0,0.31391332289030804
